checking_status,duration_months,credit_history,purpose,credit_amount,savings_status,employment,installment_rate,personal_status,other_parties,residence_since,property_magnitude,age,other_payment_plans,housing,num_existing_credits,job,num_dependents,own_telephone,foreign_worker,credit_risk,credit_risk_label,checking_status_eur,savings_status_eur,credit_amount_eur
<0 DM,6,critical account / other credits,radio/television,1169,unknown / no savings account,>=7 years,4,male : single,none,4,real estate,67,none,own,2,skilled employee / official,1,"yes, registered under customer name",yes,1,good,<0 EUR,unknown / no savings account,1023.04
0-200 DM,48,existing credits paid duly till now,radio/television,5951,<100 DM,1-4 years,2,female : divorced/separated/married,none,2,real estate,22,none,own,1,skilled employee / official,1,none,yes,2,bad,0-175 EUR,<87 EUR,5207.95
no checking account,12,critical account / other credits,education,2096,<100 DM,4-7 years,2,male : single,none,3,real estate,49,none,own,1,unskilled resident,2,none,yes,1,good,no checking account,<87 EUR,1834.29
<0 DM,42,existing credits paid duly till now,furniture/equipment,7882,<100 DM,4-7 years,2,male : single,guarantor,4,building society savings / life insurance,45,none,for free,1,skilled employee / official,2,none,yes,1,good,<0 EUR,<87 EUR,6897.84
<0 DM,24,delay in paying off in the past,car (new),4870,<100 DM,1-4 years,3,male : single,none,4,unknown / no property,53,none,for free,2,skilled employee / official,2,none,yes,2,bad,<0 EUR,<87 EUR,4261.92
no checking account,36,existing credits paid duly till now,education,9055,unknown / no savings account,1-4 years,2,male : single,none,4,unknown / no property,35,none,for free,1,unskilled resident,2,"yes, registered under customer name",yes,1,good,no checking account,unknown / no savings account,7924.37
no checking account,24,existing credits paid duly till now,furniture/equipment,2835,500-1000 DM,>=7 years,3,male : single,none,4,building society savings / life insurance,53,none,own,1,skilled employee / official,1,none,yes,1,good,no checking account,437-875 EUR,2481.02
0-200 DM,36,existing credits paid duly till now,car (used),6948,<100 DM,1-4 years,2,male : single,none,2,car or other (not in attribute 6),35,none,rent,1,management / self-employed / highly qualified,1,"yes, registered under customer name",yes,1,good,0-175 EUR,<87 EUR,6080.46
no checking account,12,existing credits paid duly till now,radio/television,3059,>=1000 DM,4-7 years,2,male : divorced/separated,none,4,real estate,61,none,own,1,unskilled resident,1,none,yes,1,good,no checking account,>=875 EUR,2677.05
0-200 DM,30,critical account / other credits,car (new),5234,<100 DM,unemployed,4,male : married/widowed,none,2,car or other (not in attribute 6),28,none,own,2,management / self-employed / highly qualified,1,none,yes,2,bad,0-175 EUR,<87 EUR,4580.47
0-200 DM,12,existing credits paid duly till now,car (new),1295,<100 DM,<1 year,3,female : divorced/separated/married,none,1,car or other (not in attribute 6),25,none,rent,1,skilled employee / official,1,none,yes,2,bad,0-175 EUR,<87 EUR,1133.3
<0 DM,48,existing credits paid duly till now,business,4308,<100 DM,<1 year,3,female : divorced/separated/married,none,4,building society savings / life insurance,24,none,rent,1,skilled employee / official,1,none,yes,2,bad,<0 EUR,<87 EUR,3770.09
0-200 DM,12,existing credits paid duly till now,radio/television,1567,<100 DM,1-4 years,1,female : divorced/separated/married,none,1,car or other (not in attribute 6),22,none,own,1,skilled employee / official,1,"yes, registered under customer name",yes,1,good,0-175 EUR,<87 EUR,1371.34
<0 DM,24,critical account / other credits,car (new),1199,<100 DM,>=7 years,4,male : single,none,4,car or other (not in attribute 6),60,none,own,2,unskilled resident,1,none,yes,2,bad,<0 EUR,<87 EUR,1049.29
<0 DM,15,existing credits paid duly till now,car (new),1403,<100 DM,1-4 years,2,female : divorced/separated/married,none,4,car or other (not in attribute 6),28,none,rent,1,skilled employee / official,1,none,yes,1,good,<0 EUR,<87 EUR,1227.82
<0 DM,24,existing credits paid duly till now,radio/television,1282,100-500 DM,1-4 years,4,female : divorced/separated/married,none,2,car or other (not in attribute 6),32,none,own,1,unskilled resident,1,none,yes,2,bad,<0 EUR,87-437 EUR,1121.93
no checking account,24,critical account / other credits,radio/television,2424,unknown / no savings account,>=7 years,4,male : single,none,4,building society savings / life insurance,53,none,own,2,skilled employee / official,1,none,yes,1,good,no checking account,unknown / no savings account,2121.33
<0 DM,30,no credits taken / all paid duly,business,8072,unknown / no savings account,<1 year,2,male : single,none,3,car or other (not in attribute 6),25,bank,own,3,skilled employee / official,1,none,yes,1,good,<0 EUR,unknown / no savings account,7064.11
0-200 DM,24,existing credits paid duly till now,car (used),12579,<100 DM,>=7 years,4,female : divorced/separated/married,none,2,unknown / no property,44,none,for free,1,management / self-employed / highly qualified,1,"yes, registered under customer name",yes,2,bad,0-175 EUR,<87 EUR,11008.36
no checking account,24,existing credits paid duly till now,radio/television,3430,500-1000 DM,>=7 years,3,male : single,none,2,car or other (not in attribute 6),31,none,own,1,skilled employee / official,2,"yes, registered under customer name",yes,1,good,no checking account,437-875 EUR,3001.72
no checking account,9,critical account / other credits,car (new),2134,<100 DM,1-4 years,4,male : single,none,4,car or other (not in attribute 6),48,none,own,3,skilled employee / official,1,"yes, registered under customer name",yes,1,good,no checking account,<87 EUR,1867.54
<0 DM,6,existing credits paid duly till now,radio/television,2647,500-1000 DM,1-4 years,2,male : single,none,3,real estate,44,none,rent,1,skilled employee / official,2,none,yes,1,good,<0 EUR,437-875 EUR,2316.49
<0 DM,10,critical account / other credits,car (new),2241,<100 DM,<1 year,1,male : single,none,3,real estate,48,none,rent,2,unskilled resident,2,none,no,1,good,<0 EUR,<87 EUR,1961.18
0-200 DM,12,critical account / other credits,car (used),1804,100-500 DM,<1 year,3,male : single,none,4,building society savings / life insurance,44,none,own,1,skilled employee / official,1,none,yes,1,good,0-175 EUR,87-437 EUR,1578.75
no checking account,10,critical account / other credits,furniture/equipment,2069,unknown / no savings account,1-4 years,2,male : married/widowed,none,1,car or other (not in attribute 6),26,none,own,2,skilled employee / official,1,none,no,1,good,no checking account,unknown / no savings account,1810.66
<0 DM,6,existing credits paid duly till now,furniture/equipment,1374,<100 DM,1-4 years,1,male : single,none,2,real estate,36,bank,own,1,unskilled resident,1,"yes, registered under customer name",yes,1,good,<0 EUR,<87 EUR,1202.44
no checking account,6,no credits taken / all paid duly,radio/television,426,<100 DM,>=7 years,4,male : married/widowed,none,4,car or other (not in attribute 6),39,none,own,1,unskilled resident,1,none,yes,1,good,no checking account,<87 EUR,372.81
>=200 DM / salary assignments,12,all credits at this bank paid duly,radio/television,409,>=1000 DM,1-4 years,3,female : divorced/separated/married,none,3,real estate,42,none,rent,2,skilled employee / official,1,none,yes,1,good,>=175 EUR / salary assignments,>=875 EUR,357.93
0-200 DM,7,existing credits paid duly till now,radio/television,2415,<100 DM,1-4 years,3,male : single,guarantor,2,real estate,34,none,own,1,skilled employee / official,1,none,yes,1,good,0-175 EUR,<87 EUR,2113.46
<0 DM,60,delay in paying off in the past,business,6836,<100 DM,>=7 years,3,male : single,none,4,unknown / no property,63,none,own,2,skilled employee / official,1,"yes, registered under customer name",yes,2,bad,<0 EUR,<87 EUR,5982.44
0-200 DM,18,existing credits paid duly till now,business,1913,>=1000 DM,<1 year,3,male : married/widowed,none,3,real estate,36,bank,own,1,skilled employee / official,1,"yes, registered under customer name",yes,1,good,0-175 EUR,>=875 EUR,1674.14
<0 DM,24,existing credits paid duly till now,furniture/equipment,4020,<100 DM,1-4 years,2,male : single,none,2,car or other (not in attribute 6),27,stores,own,1,skilled employee / official,1,none,yes,1,good,<0 EUR,<87 EUR,3518.05
0-200 DM,18,existing credits paid duly till now,car (new),5866,100-500 DM,1-4 years,2,male : single,none,2,car or other (not in attribute 6),30,none,own,2,skilled employee / official,1,"yes, registered under customer name",yes,1,good,0-175 EUR,87-437 EUR,5133.56
no checking account,12,critical account / other credits,business,1264,unknown / no savings account,>=7 years,4,male : single,none,4,unknown / no property,57,none,rent,1,unskilled resident,1,none,yes,1,good,no checking account,unknown / no savings account,1106.17
>=200 DM / salary assignments,12,existing credits paid duly till now,furniture/equipment,1474,<100 DM,<1 year,4,female : divorced/separated/married,none,1,building society savings / life insurance,33,bank,own,1,management / self-employed / highly qualified,1,"yes, registered under customer name",yes,1,good,>=175 EUR / salary assignments,<87 EUR,1289.95
0-200 DM,45,critical account / other credits,radio/television,4746,<100 DM,<1 year,4,male : single,none,2,building society savings / life insurance,25,none,own,2,unskilled resident,1,none,yes,2,bad,0-175 EUR,<87 EUR,4153.41
no checking account,48,critical account / other credits,education,6110,<100 DM,1-4 years,1,male : single,none,3,unknown / no property,31,bank,for free,1,skilled employee / official,1,"yes, registered under customer name",yes,1,good,no checking account,<87 EUR,5347.09
>=200 DM / salary assignments,18,existing credits paid duly till now,radio/television,2100,<100 DM,1-4 years,4,male : single,co-applicant,2,real estate,37,stores,own,1,skilled employee / official,1,none,yes,2,bad,>=175 EUR / salary assignments,<87 EUR,1837.79
>=200 DM / salary assignments,10,existing credits paid duly till now,domestic appliances,1225,<100 DM,1-4 years,2,male : single,none,2,car or other (not in attribute 6),37,none,own,1,skilled employee / official,1,"yes, registered under customer name",yes,1,good,>=175 EUR / salary assignments,<87 EUR,1072.04
0-200 DM,9,existing credits paid duly till now,radio/television,458,<100 DM,1-4 years,4,male : single,none,3,real estate,24,none,own,1,skilled employee / official,1,none,yes,1,good,0-175 EUR,<87 EUR,400.81
no checking account,30,existing credits paid duly till now,radio/television,2333,500-1000 DM,>=7 years,4,male : single,none,2,car or other (not in attribute 6),30,bank,own,1,management / self-employed / highly qualified,1,none,yes,1,good,no checking account,437-875 EUR,2041.7
0-200 DM,12,existing credits paid duly till now,radio/television,1158,500-1000 DM,1-4 years,3,male : divorced/separated,none,1,car or other (not in attribute 6),26,none,own,1,skilled employee / official,1,"yes, registered under customer name",yes,1,good,0-175 EUR,437-875 EUR,1013.41
0-200 DM,18,delay in paying off in the past,repairs,6204,<100 DM,1-4 years,2,male : single,none,4,real estate,44,none,own,1,unskilled resident,2,"yes, registered under customer name",yes,1,good,0-175 EUR,<87 EUR,5429.36
<0 DM,30,critical account / other credits,car (used),6187,100-500 DM,4-7 years,1,male : married/widowed,none,4,car or other (not in attribute 6),24,none,rent,2,skilled employee / official,1,none,yes,1,good,<0 EUR,87-437 EUR,5414.48
<0 DM,48,critical account / other credits,car (used),6143,<100 DM,>=7 years,4,female : divorced/separated/married,none,4,unknown / no property,58,stores,for free,2,unskilled resident,1,none,yes,2,bad,<0 EUR,<87 EUR,5375.97
no checking account,11,critical account / other credits,car (new),1393,<100 DM,<1 year,4,female : divorced/separated/married,none,4,car or other (not in attribute 6),35,none,own,2,management / self-employed / highly qualified,1,none,yes,1,good,no checking account,<87 EUR,1219.07
no checking account,36,existing credits paid duly till now,radio/television,2299,500-1000 DM,>=7 years,4,male : single,none,4,car or other (not in attribute 6),39,none,own,1,skilled employee / official,1,none,yes,1,good,no checking account,437-875 EUR,2011.94
<0 DM,6,existing credits paid duly till now,car (used),1352,500-1000 DM,unemployed,1,female : divorced/separated/married,none,2,building society savings / life insurance,23,none,rent,1,unemployed / unskilled non-resident,1,"yes, registered under customer name",yes,1,good,<0 EUR,437-875 EUR,1183.19
no checking account,11,critical account / other credits,car (new),7228,<100 DM,1-4 years,1,male : single,none,4,building society savings / life insurance,39,none,own,2,unskilled resident,1,none,yes,1,good,no checking account,<87 EUR,6325.5
no checking account,12,existing credits paid duly till now,radio/television,2073,100-500 DM,1-4 years,4,female : divorced/separated/married,co-applicant,2,real estate,28,none,own,1,skilled employee / official,1,none,yes,1,good,no checking account,87-437 EUR,1814.16
0-200 DM,24,delay in paying off in the past,furniture/equipment,2333,unknown / no savings account,<1 year,4,male : single,none,2,building society savings / life insurance,29,bank,own,1,unskilled resident,1,none,yes,1,good,0-175 EUR,unknown / no savings account,2041.7
0-200 DM,27,delay in paying off in the past,car (used),5965,<100 DM,>=7 years,1,male : single,none,2,car or other (not in attribute 6),30,none,own,2,management / self-employed / highly qualified,1,"yes, registered under customer name",yes,1,good,0-175 EUR,<87 EUR,5220.2
no checking account,12,existing credits paid duly till now,radio/television,1262,<100 DM,1-4 years,3,male : single,none,2,car or other (not in attribute 6),25,none,own,1,skilled employee / official,1,none,yes,1,good,no checking account,<87 EUR,1104.42
no checking account,18,existing credits paid duly till now,car (used),3378,unknown / no savings account,1-4 years,2,male : single,none,1,building society savings / life insurance,31,none,own,1,skilled employee / official,1,"yes, registered under customer name",yes,1,good,no checking account,unknown / no savings account,2956.22
0-200 DM,36,delay in paying off in the past,car (new),2225,<100 DM,>=7 years,4,male : single,none,4,unknown / no property,57,bank,for free,2,skilled employee / official,1,"yes, registered under customer name",yes,2,bad,0-175 EUR,<87 EUR,1947.18
no checking account,6,all credits at this bank paid duly,car (new),783,unknown / no savings account,1-4 years,1,male : single,guarantor,2,real estate,26,stores,own,1,unskilled resident,2,none,yes,1,good,no checking account,unknown / no savings account,685.23
0-200 DM,12,existing credits paid duly till now,radio/television,6468,unknown / no savings account,unemployed,2,male : single,none,1,unknown / no property,52,none,own,1,management / self-employed / highly qualified,1,"yes, registered under customer name",yes,2,bad,0-175 EUR,unknown / no savings account,5660.39
no checking account,36,critical account / other credits,radio/television,9566,<100 DM,1-4 years,2,female : divorced/separated/married,none,2,car or other (not in attribute 6),31,stores,own,2,skilled employee / official,1,none,yes,1,good,no checking account,<87 EUR,8371.57
>=200 DM / salary assignments,18,existing credits paid duly till now,car (new),1961,<100 DM,>=7 years,3,female : divorced/separated/married,none,2,car or other (not in attribute 6),23,none,own,1,management / self-employed / highly qualified,1,none,yes,1,good,>=175 EUR / salary assignments,<87 EUR,1716.15
<0 DM,36,critical account / other credits,furniture/equipment,6229,<100 DM,<1 year,4,female : divorced/separated/married,co-applicant,4,unknown / no property,23,none,rent,2,unskilled resident,1,"yes, registered under customer name",yes,2,bad,<0 EUR,<87 EUR,5451.23
0-200 DM,9,existing credits paid duly till now,business,1391,<100 DM,1-4 years,2,male : married/widowed,none,1,real estate,27,bank,own,1,skilled employee / official,1,"yes, registered under customer name",yes,1,good,0-175 EUR,<87 EUR,1217.32
0-200 DM,15,critical account / other credits,radio/television,1537,unknown / no savings account,>=7 years,4,male : single,guarantor,4,real estate,50,none,own,2,skilled employee / official,1,"yes, registered under customer name",yes,1,good,0-175 EUR,unknown / no savings account,1345.09
0-200 DM,36,no credits taken / all paid duly,business,1953,<100 DM,>=7 years,4,male : single,none,4,unknown / no property,61,none,for free,1,management / self-employed / highly qualified,1,"yes, registered under customer name",yes,2,bad,0-175 EUR,<87 EUR,1709.14
0-200 DM,48,no credits taken / all paid duly,business,14421,<100 DM,1-4 years,2,male : single,none,2,car or other (not in attribute 6),25,none,own,1,skilled employee / official,1,"yes, registered under customer name",yes,2,bad,0-175 EUR,<87 EUR,12620.37
no checking account,24,existing credits paid duly till now,radio/television,3181,<100 DM,<1 year,4,female : divorced/separated/married,none,4,building society savings / life insurance,26,none,own,1,skilled employee / official,1,"yes, registered under customer name",yes,1,good,no checking account,<87 EUR,2783.81
no checking account,27,existing credits paid duly till now,repairs,5190,unknown / no savings account,>=7 years,4,male : single,none,4,building society savings / life insurance,48,none,own,4,skilled employee / official,2,"yes, registered under customer name",yes,1,good,no checking account,unknown / no savings account,4541.97
no checking account,12,existing credits paid duly till now,radio/television,2171,<100 DM,<1 year,2,female : divorced/separated/married,none,2,car or other (not in attribute 6),29,bank,own,1,skilled employee / official,1,none,yes,1,good,no checking account,<87 EUR,1899.92
0-200 DM,12,existing credits paid duly till now,car (new),1007,>=1000 DM,1-4 years,4,male : married/widowed,none,1,real estate,22,none,own,1,skilled employee / official,1,none,yes,1,good,0-175 EUR,>=875 EUR,881.26
no checking account,36,existing credits paid duly till now,education,1819,<100 DM,1-4 years,4,male : single,none,4,unknown / no property,37,stores,for free,1,skilled employee / official,1,"yes, registered under customer name",yes,2,bad,no checking account,<87 EUR,1591.88
no checking account,36,existing credits paid duly till now,radio/television,2394,unknown / no savings account,1-4 years,4,female : divorced/separated/married,none,4,car or other (not in attribute 6),25,none,own,1,skilled employee / official,1,none,yes,1,good,no checking account,unknown / no savings account,2095.08
no checking account,36,existing credits paid duly till now,car (used),8133,<100 DM,1-4 years,1,female : divorced/separated/married,none,2,building society savings / life insurance,30,bank,own,1,skilled employee / official,1,none,yes,1,good,no checking account,<87 EUR,7117.5
no checking account,7,critical account / other credits,radio/television,730,unknown / no savings account,>=7 years,4,male : single,none,2,building society savings / life insurance,46,none,rent,2,unskilled resident,1,"yes, registered under customer name",yes,1,good,no checking account,unknown / no savings account,638.85
<0 DM,8,critical account / other credits,others,1164,<100 DM,>=7 years,3,male : single,none,4,unknown / no property,51,bank,for free,2,management / self-employed / highly qualified,2,"yes, registered under customer name",yes,1,good,<0 EUR,<87 EUR,1018.66
0-200 DM,42,critical account / other credits,business,5954,<100 DM,4-7 years,2,female : divorced/separated/married,none,1,real estate,41,bank,own,2,unskilled resident,1,none,yes,1,good,0-175 EUR,<87 EUR,5210.57
<0 DM,36,existing credits paid duly till now,education,1977,unknown / no savings account,>=7 years,4,male : single,none,4,unknown / no property,40,none,own,1,management / self-employed / highly qualified,1,"yes, registered under customer name",yes,2,bad,<0 EUR,unknown / no savings account,1730.15
<0 DM,12,critical account / other credits,car (used),1526,<100 DM,>=7 years,4,male : single,none,4,unknown / no property,66,none,for free,2,management / self-employed / highly qualified,1,none,yes,1,good,<0 EUR,<87 EUR,1335.46
<0 DM,42,existing credits paid duly till now,radio/television,3965,<100 DM,<1 year,4,male : single,none,3,car or other (not in attribute 6),34,none,own,1,skilled employee / official,1,none,yes,2,bad,<0 EUR,<87 EUR,3469.92
0-200 DM,11,delay in paying off in the past,radio/television,4771,<100 DM,4-7 years,2,male : single,none,4,building society savings / life insurance,51,none,own,1,skilled employee / official,1,none,yes,1,good,0-175 EUR,<87 EUR,4175.28
no checking account,54,no credits taken / all paid duly,car (used),9436,unknown / no savings account,1-4 years,2,male : single,none,2,building society savings / life insurance,39,none,own,1,unskilled resident,2,none,yes,1,good,no checking account,unknown / no savings account,8257.8
0-200 DM,30,existing credits paid duly till now,furniture/equipment,3832,<100 DM,<1 year,2,male : married/widowed,none,1,building society savings / life insurance,22,none,own,1,skilled employee / official,1,none,yes,1,good,0-175 EUR,<87 EUR,3353.53
no checking account,24,existing credits paid duly till now,radio/television,5943,unknown / no savings account,<1 year,1,female : divorced/separated/married,none,1,car or other (not in attribute 6),44,none,own,2,skilled employee / official,1,"yes, registered under customer name",yes,2,bad,no checking account,unknown / no savings account,5200.95
no checking account,15,existing credits paid duly till now,radio/television,1213,500-1000 DM,>=7 years,4,male : single,none,3,building society savings / life insurance,47,stores,own,1,skilled employee / official,1,"yes, registered under customer name",yes,1,good,no checking account,437-875 EUR,1061.54
no checking account,18,existing credits paid duly till now,business,1568,100-500 DM,1-4 years,3,female : divorced/separated/married,none,4,building society savings / life insurance,24,none,rent,1,unskilled resident,1,none,yes,1,good,no checking account,87-437 EUR,1372.22
<0 DM,24,existing credits paid duly till now,others,1755,<100 DM,>=7 years,4,female : divorced/separated/married,guarantor,4,real estate,58,none,own,1,unskilled resident,1,"yes, registered under customer name",yes,1,good,<0 EUR,<87 EUR,1535.87
<0 DM,10,existing credits paid duly till now,radio/television,2315,<100 DM,>=7 years,3,male : single,none,4,real estate,52,none,own,1,unskilled resident,1,none,yes,1,good,<0 EUR,<87 EUR,2025.94
no checking account,12,critical account / other credits,business,1412,<100 DM,1-4 years,4,female : divorced/separated/married,guarantor,2,real estate,29,none,own,2,management / self-employed / highly qualified,1,"yes, registered under customer name",yes,1,good,no checking account,<87 EUR,1235.69
0-200 DM,18,critical account / other credits,furniture/equipment,1295,<100 DM,<1 year,4,female : divorced/separated/married,none,1,building society savings / life insurance,27,none,own,2,skilled employee / official,1,none,yes,1,good,0-175 EUR,<87 EUR,1133.3
0-200 DM,36,existing credits paid duly till now,education,12612,100-500 DM,1-4 years,1,male : single,none,4,unknown / no property,47,none,for free,1,skilled employee / official,2,"yes, registered under customer name",yes,2,bad,0-175 EUR,87-437 EUR,11037.24
<0 DM,18,existing credits paid duly till now,car (new),2249,100-500 DM,4-7 years,4,male : single,none,3,car or other (not in attribute 6),30,none,own,1,management / self-employed / highly qualified,2,"yes, registered under customer name",yes,1,good,<0 EUR,87-437 EUR,1968.19
<0 DM,12,no credits taken / all paid duly,repairs,1108,<100 DM,4-7 years,4,male : single,none,3,real estate,28,none,own,2,skilled employee / official,1,none,yes,2,bad,<0 EUR,<87 EUR,969.65
no checking account,12,critical account / other credits,radio/television,618,<100 DM,>=7 years,4,male : single,none,4,real estate,56,none,own,1,skilled employee / official,1,none,yes,1,good,no checking account,<87 EUR,540.84
<0 DM,12,critical account / other credits,car (used),1409,<100 DM,>=7 years,4,male : single,none,3,real estate,54,none,own,1,skilled employee / official,1,none,yes,1,good,<0 EUR,<87 EUR,1233.07
no checking account,12,critical account / other credits,radio/television,797,unknown / no savings account,>=7 years,4,female : divorced/separated/married,none,3,building society savings / life insurance,33,bank,own,1,unskilled resident,2,none,yes,2,bad,no checking account,unknown / no savings account,697.49
>=200 DM / salary assignments,24,critical account / other credits,furniture/equipment,3617,unknown / no savings account,>=7 years,4,male : single,co-applicant,4,unknown / no property,20,none,rent,2,skilled employee / official,1,none,yes,1,good,>=175 EUR / salary assignments,unknown / no savings account,3165.37
0-200 DM,12,existing credits paid duly till now,car (new),1318,>=1000 DM,>=7 years,4,male : single,none,4,real estate,54,none,own,1,skilled employee / official,1,"yes, registered under customer name",yes,1,good,0-175 EUR,>=875 EUR,1153.43
0-200 DM,54,no credits taken / all paid duly,business,15945,<100 DM,<1 year,3,male : single,none,4,unknown / no property,58,none,rent,1,skilled employee / official,1,"yes, registered under customer name",yes,2,bad,0-175 EUR,<87 EUR,13954.08
no checking account,12,critical account / other credits,education,2012,unknown / no savings account,4-7 years,4,female : divorced/separated/married,none,2,car or other (not in attribute 6),61,none,own,1,skilled employee / official,1,none,yes,1,good,no checking account,unknown / no savings account,1760.78
0-200 DM,18,existing credits paid duly till now,business,2622,100-500 DM,1-4 years,4,male : single,none,4,car or other (not in attribute 6),34,none,own,1,skilled employee / official,1,none,yes,1,good,0-175 EUR,87-437 EUR,2294.61
0-200 DM,36,critical account / other credits,radio/television,2337,<100 DM,>=7 years,4,male : single,none,4,real estate,36,none,own,1,skilled employee / official,1,none,yes,1,good,0-175 EUR,<87 EUR,2045.2
0-200 DM,20,delay in paying off in the past,car (used),7057,unknown / no savings account,4-7 years,3,male : single,none,4,building society savings / life insurance,36,bank,rent,2,management / self-employed / highly qualified,2,"yes, registered under customer name",yes,1,good,0-175 EUR,unknown / no savings account,6175.85
no checking account,24,existing credits paid duly till now,car (new),1469,100-500 DM,>=7 years,4,male : married/widowed,none,4,real estate,41,none,rent,1,unskilled resident,1,none,yes,1,good,no checking account,87-437 EUR,1285.58
0-200 DM,36,existing credits paid duly till now,radio/television,2323,<100 DM,4-7 years,4,male : single,none,4,car or other (not in attribute 6),24,none,rent,1,skilled employee / official,1,none,yes,1,good,0-175 EUR,<87 EUR,2032.95
no checking account,6,delay in paying off in the past,radio/television,932,<100 DM,1-4 years,3,female : divorced/separated/married,none,2,real estate,24,none,own,1,skilled employee / official,1,none,yes,1,good,no checking account,<87 EUR,815.63
0-200 DM,9,critical account / other credits,furniture/equipment,1919,<100 DM,4-7 years,4,male : single,none,3,car or other (not in attribute 6),35,none,rent,1,skilled employee / official,1,"yes, registered under customer name",yes,1,good,0-175 EUR,<87 EUR,1679.39
no checking account,12,existing credits paid duly till now,car (used),2445,unknown / no savings account,<1 year,2,male : married/widowed,none,4,car or other (not in attribute 6),26,none,rent,1,skilled employee / official,1,"yes, registered under customer name",yes,1,good,no checking account,unknown / no savings account,2139.71
0-200 DM,24,critical account / other credits,others,11938,<100 DM,1-4 years,2,male : single,co-applicant,3,car or other (not in attribute 6),39,none,own,2,management / self-employed / highly qualified,2,"yes, registered under customer name",yes,2,bad,0-175 EUR,<87 EUR,10447.4
no checking account,18,all credits at this bank paid duly,car (new),6458,<100 DM,>=7 years,2,male : single,none,4,unknown / no property,39,bank,own,2,management / self-employed / highly qualified,2,"yes, registered under customer name",yes,2,bad,no checking account,<87 EUR,5651.64
0-200 DM,12,existing credits paid duly till now,car (new),6078,<100 DM,4-7 years,2,male : single,none,2,car or other (not in attribute 6),32,none,own,1,skilled employee / official,1,none,yes,1,good,0-175 EUR,<87 EUR,5319.09
<0 DM,24,existing credits paid duly till now,furniture/equipment,7721,unknown / no savings account,<1 year,1,female : divorced/separated/married,none,2,building society savings / life insurance,30,none,own,1,skilled employee / official,1,"yes, registered under customer name",no,1,good,<0 EUR,unknown / no savings account,6756.94
0-200 DM,14,existing credits paid duly till now,business,1410,500-1000 DM,>=7 years,1,male : married/widowed,none,2,real estate,35,none,own,1,skilled employee / official,1,"yes, registered under customer name",yes,1,good,0-175 EUR,437-875 EUR,1233.94
0-200 DM,6,delay in paying off in the past,business,1449,100-500 DM,>=7 years,1,male : divorced/separated,none,2,car or other (not in attribute 6),31,bank,own,2,skilled employee / official,2,none,yes,1,good,0-175 EUR,87-437 EUR,1268.08
>=200 DM / salary assignments,15,existing credits paid duly till now,education,392,<100 DM,<1 year,4,female : divorced/separated/married,none,4,building society savings / life insurance,23,none,rent,1,skilled employee / official,1,"yes, registered under customer name",yes,1,good,>=175 EUR / salary assignments,<87 EUR,343.05
0-200 DM,18,existing credits paid duly till now,car (new),6260,<100 DM,4-7 years,3,male : single,none,3,real estate,28,none,rent,1,unskilled resident,1,none,yes,1,good,0-175 EUR,<87 EUR,5478.36
no checking account,36,critical account / other credits,car (new),7855,<100 DM,1-4 years,4,female : divorced/separated/married,none,2,real estate,25,stores,own,2,skilled employee / official,1,"yes, registered under customer name",yes,2,bad,no checking account,<87 EUR,6874.21
<0 DM,12,existing credits paid duly till now,radio/television,1680,500-1000 DM,>=7 years,3,male : married/widowed,none,1,real estate,35,none,own,1,skilled employee / official,1,none,yes,1,good,<0 EUR,437-875 EUR,1470.23
no checking account,48,critical account / other credits,radio/television,3578,unknown / no savings account,>=7 years,4,male : single,none,1,real estate,47,none,own,1,skilled employee / official,1,"yes, registered under customer name",yes,1,good,no checking account,unknown / no savings account,3131.24
<0 DM,42,existing credits paid duly till now,radio/television,7174,unknown / no savings account,4-7 years,4,female : divorced/separated/married,none,3,car or other (not in attribute 6),30,none,own,1,management / self-employed / highly qualified,1,"yes, registered under customer name",yes,2,bad,<0 EUR,unknown / no savings account,6278.24
<0 DM,10,critical account / other credits,furniture/equipment,2132,unknown / no savings account,<1 year,2,female : divorced/separated/married,co-applicant,3,real estate,27,none,rent,2,skilled employee / official,1,none,no,1,good,<0 EUR,unknown / no savings account,1865.79
<0 DM,33,critical account / other credits,furniture/equipment,4281,500-1000 DM,1-4 years,1,female : divorced/separated/married,none,4,car or other (not in attribute 6),23,none,own,2,skilled employee / official,1,none,yes,2,bad,<0 EUR,437-875 EUR,3746.47
0-200 DM,12,critical account / other credits,car (new),2366,500-1000 DM,4-7 years,3,male : divorced/separated,none,3,car or other (not in attribute 6),36,none,own,1,management / self-employed / highly qualified,1,"yes, registered under customer name",yes,1,good,0-175 EUR,437-875 EUR,2070.58
<0 DM,21,existing credits paid duly till now,radio/television,1835,<100 DM,1-4 years,3,female : divorced/separated/married,none,2,real estate,25,none,own,2,skilled employee / official,1,"yes, registered under customer name",yes,2,bad,<0 EUR,<87 EUR,1605.88
no checking account,24,critical account / other credits,car (used),3868,<100 DM,>=7 years,4,female : divorced/separated/married,none,2,car or other (not in attribute 6),41,none,rent,2,management / self-employed / highly qualified,1,"yes, registered under customer name",yes,1,good,no checking account,<87 EUR,3385.03
no checking account,12,existing credits paid duly till now,furniture/equipment,1768,<100 DM,1-4 years,3,male : single,none,2,real estate,24,none,rent,1,unskilled resident,1,none,yes,1,good,no checking account,<87 EUR,1547.24
>=200 DM / salary assignments,10,critical account / other credits,car (new),781,<100 DM,>=7 years,4,male : single,none,4,unknown / no property,63,none,for free,2,skilled employee / official,1,"yes, registered under customer name",yes,1,good,>=175 EUR / salary assignments,<87 EUR,683.48
0-200 DM,18,existing credits paid duly till now,furniture/equipment,1924,unknown / no savings account,<1 year,4,female : divorced/separated/married,none,3,real estate,27,none,rent,1,skilled employee / official,1,none,yes,2,bad,0-175 EUR,unknown / no savings account,1683.77
<0 DM,12,critical account / other credits,car (new),2121,<100 DM,1-4 years,4,male : single,none,2,building society savings / life insurance,30,none,own,2,skilled employee / official,1,none,yes,1,good,<0 EUR,<87 EUR,1856.17
<0 DM,12,existing credits paid duly till now,radio/television,701,<100 DM,1-4 years,4,male : married/widowed,none,2,real estate,40,none,own,1,unskilled resident,1,none,yes,1,good,<0 EUR,<87 EUR,613.47
0-200 DM,12,existing credits paid duly till now,repairs,639,<100 DM,1-4 years,4,male : single,none,2,car or other (not in attribute 6),30,none,own,1,skilled employee / official,1,none,yes,2,bad,0-175 EUR,<87 EUR,559.21
0-200 DM,12,critical account / other credits,car (used),1860,<100 DM,unemployed,4,male : single,none,2,car or other (not in attribute 6),34,none,own,2,management / self-employed / highly qualified,1,"yes, registered under customer name",yes,1,good,0-175 EUR,<87 EUR,1627.76
<0 DM,12,critical account / other credits,car (new),3499,<100 DM,1-4 years,3,female : divorced/separated/married,co-applicant,2,real estate,29,none,own,2,skilled employee / official,1,none,yes,2,bad,<0 EUR,<87 EUR,3062.11
0-200 DM,48,existing credits paid duly till now,car (new),8487,unknown / no savings account,4-7 years,1,female : divorced/separated/married,none,2,car or other (not in attribute 6),24,none,own,1,skilled employee / official,1,none,yes,1,good,0-175 EUR,unknown / no savings account,7427.3
<0 DM,36,delay in paying off in the past,education,6887,<100 DM,1-4 years,4,male : single,none,3,building society savings / life insurance,29,stores,own,1,skilled employee / official,1,"yes, registered under customer name",yes,2,bad,<0 EUR,<87 EUR,6027.08
no checking account,15,existing credits paid duly till now,furniture/equipment,2708,<100 DM,<1 year,2,male : single,none,3,building society savings / life insurance,27,bank,own,2,unskilled resident,1,none,yes,1,good,no checking account,<87 EUR,2369.87
no checking account,18,existing credits paid duly till now,furniture/equipment,1984,<100 DM,1-4 years,4,male : single,none,4,unknown / no property,47,bank,for free,2,skilled employee / official,1,none,yes,1,good,no checking account,<87 EUR,1736.27
no checking account,60,existing credits paid duly till now,radio/television,10144,100-500 DM,4-7 years,2,female : divorced/separated/married,none,4,real estate,21,none,own,1,skilled employee / official,1,"yes, registered under customer name",yes,1,good,no checking account,87-437 EUR,8877.4
no checking account,12,critical account / other credits,radio/television,1240,unknown / no savings account,>=7 years,4,female : divorced/separated/married,none,2,real estate,38,none,own,2,skilled employee / official,1,"yes, registered under customer name",yes,1,good,no checking account,unknown / no savings account,1085.17
no checking account,27,delay in paying off in the past,car (used),8613,>=1000 DM,1-4 years,2,male : single,none,2,car or other (not in attribute 6),27,none,own,2,skilled employee / official,1,none,yes,1,good,no checking account,>=875 EUR,7537.56
0-200 DM,12,existing credits paid duly till now,radio/television,766,500-1000 DM,1-4 years,4,male : single,none,3,real estate,66,none,own,1,unskilled resident,1,none,yes,2,bad,0-175 EUR,437-875 EUR,670.36
0-200 DM,15,critical account / other credits,radio/television,2728,unknown / no savings account,4-7 years,4,male : single,guarantor,2,real estate,35,bank,own,3,skilled employee / official,1,"yes, registered under customer name",yes,1,good,0-175 EUR,unknown / no savings account,2387.38
>=200 DM / salary assignments,12,existing credits paid duly till now,radio/television,1881,<100 DM,1-4 years,2,female : divorced/separated/married,none,2,car or other (not in attribute 6),44,none,rent,1,unskilled resident,1,"yes, registered under customer name",yes,1,good,>=175 EUR / salary assignments,<87 EUR,1646.13
>=200 DM / salary assignments,6,existing credits paid duly till now,car (new),709,>=1000 DM,<1 year,2,male : married/widowed,none,2,real estate,27,none,own,1,unemployed / unskilled non-resident,1,none,no,1,good,>=175 EUR / salary assignments,>=875 EUR,620.47
0-200 DM,36,existing credits paid duly till now,radio/television,4795,<100 DM,<1 year,4,female : divorced/separated/married,none,1,unknown / no property,30,none,own,1,management / self-employed / highly qualified,1,"yes, registered under customer name",yes,1,good,0-175 EUR,<87 EUR,4196.29
<0 DM,27,existing credits paid duly till now,radio/television,3416,<100 DM,1-4 years,3,male : single,none,2,car or other (not in attribute 6),27,none,own,1,management / self-employed / highly qualified,1,none,yes,1,good,<0 EUR,<87 EUR,2989.47
<0 DM,18,existing credits paid duly till now,furniture/equipment,2462,<100 DM,1-4 years,2,male : single,none,2,car or other (not in attribute 6),22,none,own,1,skilled employee / official,1,none,yes,2,bad,<0 EUR,<87 EUR,2154.59
no checking account,21,critical account / other credits,furniture/equipment,2288,<100 DM,<1 year,4,female : divorced/separated/married,none,4,building society savings / life insurance,23,none,own,1,skilled employee / official,1,"yes, registered under customer name",yes,1,good,no checking account,<87 EUR,2002.32
0-200 DM,48,all credits at this bank paid duly,business,3566,100-500 DM,4-7 years,4,male : single,none,2,car or other (not in attribute 6),30,none,own,1,skilled employee / official,1,none,yes,1,good,0-175 EUR,87-437 EUR,3120.74
<0 DM,6,critical account / other credits,car (new),860,<100 DM,>=7 years,1,female : divorced/separated/married,none,4,unknown / no property,39,none,own,2,skilled employee / official,1,"yes, registered under customer name",yes,1,good,<0 EUR,<87 EUR,752.62
no checking account,12,critical account / other credits,car (new),682,100-500 DM,4-7 years,4,female : divorced/separated/married,none,3,car or other (not in attribute 6),51,none,own,2,skilled employee / official,1,"yes, registered under customer name",yes,1,good,no checking account,87-437 EUR,596.84
<0 DM,36,critical account / other credits,furniture/equipment,5371,<100 DM,1-4 years,3,male : single,guarantor,2,building society savings / life insurance,28,none,own,2,skilled employee / official,1,none,yes,1,good,<0 EUR,<87 EUR,4700.37
no checking account,18,critical account / other credits,radio/television,1582,>=1000 DM,>=7 years,4,male : single,none,4,car or other (not in attribute 6),46,none,own,2,skilled employee / official,1,none,yes,1,good,no checking account,>=875 EUR,1384.47
no checking account,6,existing credits paid duly till now,radio/television,1346,100-500 DM,>=7 years,2,male : single,none,4,unknown / no property,42,bank,for free,1,skilled employee / official,2,"yes, registered under customer name",yes,1,good,no checking account,87-437 EUR,1177.94
no checking account,10,existing credits paid duly till now,radio/television,1924,<100 DM,1-4 years,1,male : single,none,4,building society savings / life insurance,38,none,own,1,skilled employee / official,1,"yes, registered under customer name",no,1,good,no checking account,<87 EUR,1683.77
>=200 DM / salary assignments,36,existing credits paid duly till now,radio/television,5848,<100 DM,1-4 years,4,male : single,none,1,car or other (not in attribute 6),24,none,own,1,skilled employee / official,1,none,yes,1,good,>=175 EUR / salary assignments,<87 EUR,5117.81
0-200 DM,24,critical account / other credits,car (used),7758,>=1000 DM,>=7 years,2,female : divorced/separated/married,none,4,unknown / no property,29,none,rent,1,skilled employee / official,1,none,yes,1,good,0-175 EUR,>=875 EUR,6789.32
0-200 DM,24,delay in paying off in the past,business,6967,100-500 DM,4-7 years,4,male : single,none,4,car or other (not in attribute 6),36,none,rent,1,management / self-employed / highly qualified,1,"yes, registered under customer name",yes,1,good,0-175 EUR,87-437 EUR,6097.09
<0 DM,12,existing credits paid duly till now,furniture/equipment,1282,<100 DM,1-4 years,2,female : divorced/separated/married,none,4,car or other (not in attribute 6),20,none,rent,1,skilled employee / official,1,none,yes,2,bad,<0 EUR,<87 EUR,1121.93
<0 DM,9,critical account / other credits,repairs,1288,100-500 DM,>=7 years,3,male : single,guarantor,4,real estate,48,none,own,2,skilled employee / official,2,none,no,1,good,<0 EUR,87-437 EUR,1127.18
<0 DM,12,all credits at this bank paid duly,retraining,339,<100 DM,>=7 years,4,male : married/widowed,none,1,car or other (not in attribute 6),45,bank,own,1,unskilled resident,1,none,yes,1,good,<0 EUR,<87 EUR,296.67
0-200 DM,24,existing credits paid duly till now,car (new),3512,100-500 DM,4-7 years,2,male : single,none,3,car or other (not in attribute 6),38,bank,own,2,skilled employee / official,1,"yes, registered under customer name",yes,1,good,0-175 EUR,87-437 EUR,3073.48
no checking account,6,critical account / other credits,radio/television,1898,unknown / no savings account,1-4 years,1,male : single,none,2,real estate,34,none,own,2,unskilled resident,2,none,yes,1,good,no checking account,unknown / no savings account,1661.01
no checking account,24,critical account / other credits,radio/television,2872,100-500 DM,>=7 years,3,male : single,none,4,real estate,36,none,own,1,skilled employee / official,2,"yes, registered under customer name",yes,1,good,no checking account,87-437 EUR,2513.4
no checking account,18,critical account / other credits,car (new),1055,<100 DM,<1 year,4,female : divorced/separated/married,none,1,building society savings / life insurance,30,none,own,2,skilled employee / official,1,none,yes,1,good,no checking account,<87 EUR,923.27
no checking account,15,existing credits paid duly till now,domestic appliances,1262,500-1000 DM,4-7 years,4,male : single,none,3,building society savings / life insurance,36,none,own,2,skilled employee / official,1,"yes, registered under customer name",yes,1,good,no checking account,437-875 EUR,1104.42
0-200 DM,10,existing credits paid duly till now,car (new),7308,<100 DM,unemployed,2,male : single,none,4,unknown / no property,70,bank,for free,1,management / self-employed / highly qualified,1,"yes, registered under customer name",yes,1,good,0-175 EUR,<87 EUR,6395.51
no checking account,36,existing credits paid duly till now,car (new),909,500-1000 DM,>=7 years,4,male : single,none,4,building society savings / life insurance,36,none,own,1,skilled employee / official,1,none,yes,1,good,no checking account,437-875 EUR,795.5
no checking account,6,existing credits paid duly till now,furniture/equipment,2978,500-1000 DM,1-4 years,1,male : single,none,2,car or other (not in attribute 6),32,none,own,1,skilled employee / official,1,"yes, registered under customer name",yes,1,good,no checking account,437-875 EUR,2606.16
<0 DM,18,existing credits paid duly till now,furniture/equipment,1131,<100 DM,unemployed,4,female : divorced/separated/married,none,2,car or other (not in attribute 6),33,none,own,1,skilled employee / official,1,none,yes,2,bad,<0 EUR,<87 EUR,989.78
0-200 DM,11,existing credits paid duly till now,furniture/equipment,1577,>=1000 DM,<1 year,4,female : divorced/separated/married,none,1,real estate,20,none,own,1,skilled employee / official,1,none,yes,1,good,0-175 EUR,>=875 EUR,1380.09
no checking account,24,existing credits paid duly till now,furniture/equipment,3972,<100 DM,4-7 years,2,female : divorced/separated/married,none,4,building society savings / life insurance,25,none,rent,1,skilled employee / official,1,"yes, registered under customer name",yes,1,good,no checking account,<87 EUR,3476.05
0-200 DM,24,critical account / other credits,business,1935,<100 DM,>=7 years,4,male : divorced/separated,none,4,real estate,31,none,own,2,skilled employee / official,1,"yes, registered under customer name",yes,2,bad,0-175 EUR,<87 EUR,1693.39
<0 DM,15,no credits taken / all paid duly,car (new),950,<100 DM,>=7 years,4,male : single,none,3,car or other (not in attribute 6),33,none,rent,2,skilled employee / official,2,none,yes,2,bad,<0 EUR,<87 EUR,831.38
no checking account,12,existing credits paid duly till now,furniture/equipment,763,<100 DM,1-4 years,4,female : divorced/separated/married,none,1,real estate,26,none,own,1,skilled employee / official,1,"yes, registered under customer name",yes,1,good,no checking account,<87 EUR,667.73
0-200 DM,24,delay in paying off in the past,furniture/equipment,2064,<100 DM,unemployed,3,female : divorced/separated/married,none,2,building society savings / life insurance,34,none,own,1,management / self-employed / highly qualified,1,"yes, registered under customer name",yes,2,bad,0-175 EUR,<87 EUR,1806.28
0-200 DM,8,existing credits paid duly till now,radio/television,1414,<100 DM,1-4 years,4,male : single,guarantor,2,real estate,33,none,own,1,skilled employee / official,1,none,no,1,good,0-175 EUR,<87 EUR,1237.45
<0 DM,21,delay in paying off in the past,education,3414,<100 DM,<1 year,2,male : single,none,1,building society savings / life insurance,26,none,own,2,skilled employee / official,1,none,yes,2,bad,<0 EUR,<87 EUR,2987.72
no checking account,30,all credits at this bank paid duly,car (used),7485,unknown / no savings account,unemployed,4,female : divorced/separated/married,none,1,real estate,53,bank,own,1,management / self-employed / highly qualified,1,"yes, registered under customer name",yes,2,bad,no checking account,unknown / no savings account,6550.41
<0 DM,12,existing credits paid duly till now,furniture/equipment,2577,<100 DM,1-4 years,2,male : divorced/separated,none,1,car or other (not in attribute 6),42,none,own,1,skilled employee / official,1,none,yes,1,good,<0 EUR,<87 EUR,2255.23
<0 DM,6,critical account / other credits,radio/television,338,500-1000 DM,>=7 years,4,male : single,none,4,car or other (not in attribute 6),52,none,own,2,skilled employee / official,1,none,yes,1,good,<0 EUR,437-875 EUR,295.8
no checking account,12,existing credits paid duly till now,radio/television,1963,<100 DM,4-7 years,4,male : single,none,2,car or other (not in attribute 6),31,none,rent,2,management / self-employed / highly qualified,2,"yes, registered under customer name",yes,1,good,no checking account,<87 EUR,1717.9
<0 DM,21,critical account / other credits,car (new),571,<100 DM,>=7 years,4,male : single,none,4,real estate,65,none,own,2,skilled employee / official,1,none,yes,1,good,<0 EUR,<87 EUR,499.7
no checking account,36,delay in paying off in the past,business,9572,<100 DM,<1 year,1,male : divorced/separated,none,1,car or other (not in attribute 6),28,none,own,2,skilled employee / official,1,none,yes,2,bad,no checking account,<87 EUR,8376.82
0-200 DM,36,delay in paying off in the past,business,4455,<100 DM,1-4 years,2,male : divorced/separated,none,2,real estate,30,stores,own,2,management / self-employed / highly qualified,1,"yes, registered under customer name",yes,2,bad,0-175 EUR,<87 EUR,3898.74
<0 DM,21,all credits at this bank paid duly,car (new),1647,unknown / no savings account,1-4 years,4,male : single,none,2,building society savings / life insurance,40,none,own,2,unskilled resident,2,none,yes,2,bad,<0 EUR,unknown / no savings account,1441.35
no checking account,24,critical account / other credits,furniture/equipment,3777,>=1000 DM,1-4 years,4,male : single,none,4,real estate,50,none,own,1,skilled employee / official,1,"yes, registered under customer name",yes,1,good,no checking account,>=875 EUR,3305.4
0-200 DM,18,critical account / other credits,car (new),884,<100 DM,>=7 years,4,male : single,none,4,car or other (not in attribute 6),36,bank,own,1,skilled employee / official,2,"yes, registered under customer name",yes,2,bad,0-175 EUR,<87 EUR,773.62
no checking account,15,critical account / other credits,radio/television,1360,<100 DM,1-4 years,4,male : single,none,2,building society savings / life insurance,31,none,own,2,skilled employee / official,1,none,yes,1,good,no checking account,<87 EUR,1190.19
0-200 DM,9,all credits at this bank paid duly,car (used),5129,<100 DM,>=7 years,2,female : divorced/separated/married,none,4,unknown / no property,74,bank,for free,1,management / self-employed / highly qualified,2,"yes, registered under customer name",yes,2,bad,0-175 EUR,<87 EUR,4488.58
0-200 DM,16,critical account / other credits,car (new),1175,<100 DM,unemployed,2,male : single,none,3,car or other (not in attribute 6),68,none,for free,3,unemployed / unskilled non-resident,1,"yes, registered under customer name",yes,1,good,0-175 EUR,<87 EUR,1028.29
<0 DM,12,existing credits paid duly till now,radio/television,674,100-500 DM,4-7 years,4,male : married/widowed,none,1,building society savings / life insurance,20,none,own,1,skilled employee / official,1,none,yes,2,bad,<0 EUR,87-437 EUR,589.84
0-200 DM,18,no credits taken / all paid duly,furniture/equipment,3244,<100 DM,1-4 years,1,female : divorced/separated/married,none,4,car or other (not in attribute 6),33,bank,own,2,skilled employee / official,1,"yes, registered under customer name",yes,1,good,0-175 EUR,<87 EUR,2838.95
no checking account,24,existing credits paid duly till now,business,4591,>=1000 DM,1-4 years,2,male : single,none,3,building society savings / life insurance,54,none,own,3,management / self-employed / highly qualified,1,"yes, registered under customer name",yes,2,bad,no checking account,>=875 EUR,4017.76
0-200 DM,48,no credits taken / all paid duly,business,3844,100-500 DM,4-7 years,4,male : single,none,4,unknown / no property,34,none,for free,1,unskilled resident,2,none,yes,2,bad,0-175 EUR,87-437 EUR,3364.03
0-200 DM,27,existing credits paid duly till now,business,3915,<100 DM,1-4 years,4,male : single,none,2,car or other (not in attribute 6),36,none,own,1,skilled employee / official,2,"yes, registered under customer name",yes,2,bad,0-175 EUR,<87 EUR,3426.17
no checking account,6,existing credits paid duly till now,radio/television,2108,<100 DM,4-7 years,2,male : married/widowed,none,2,real estate,29,none,rent,1,skilled employee / official,1,none,yes,1,good,no checking account,<87 EUR,1844.79
0-200 DM,45,existing credits paid duly till now,radio/television,3031,100-500 DM,1-4 years,4,male : single,guarantor,4,building society savings / life insurance,21,none,rent,1,skilled employee / official,1,none,yes,2,bad,0-175 EUR,87-437 EUR,2652.54
0-200 DM,9,critical account / other credits,education,1501,<100 DM,>=7 years,2,female : divorced/separated/married,none,3,car or other (not in attribute 6),34,none,own,2,management / self-employed / highly qualified,1,"yes, registered under customer name",yes,2,bad,0-175 EUR,<87 EUR,1313.58
no checking account,6,critical account / other credits,radio/television,1382,<100 DM,1-4 years,1,female : divorced/separated/married,none,1,car or other (not in attribute 6),28,none,own,2,skilled employee / official,1,"yes, registered under customer name",yes,1,good,no checking account,<87 EUR,1209.44
0-200 DM,12,existing credits paid duly till now,furniture/equipment,951,100-500 DM,<1 year,4,female : divorced/separated/married,none,4,car or other (not in attribute 6),27,bank,rent,4,skilled employee / official,1,none,yes,2,bad,0-175 EUR,87-437 EUR,832.26
0-200 DM,24,existing credits paid duly till now,car (used),2760,unknown / no savings account,>=7 years,4,male : single,none,4,unknown / no property,36,bank,for free,1,skilled employee / official,1,"yes, registered under customer name",yes,1,good,0-175 EUR,unknown / no savings account,2415.38
0-200 DM,18,delay in paying off in the past,furniture/equipment,4297,<100 DM,>=7 years,4,male : divorced/separated,none,3,unknown / no property,40,none,own,1,management / self-employed / highly qualified,1,"yes, registered under customer name",yes,2,bad,0-175 EUR,<87 EUR,3760.47
no checking account,9,critical account / other credits,education,936,500-1000 DM,>=7 years,4,male : single,none,2,car or other (not in attribute 6),52,none,own,2,skilled employee / official,1,"yes, registered under customer name",yes,1,good,no checking account,437-875 EUR,819.13
<0 DM,12,existing credits paid duly till now,car (new),1168,<100 DM,1-4 years,4,male : married/widowed,none,3,real estate,27,none,own,1,unskilled resident,1,none,yes,1,good,<0 EUR,<87 EUR,1022.16
no checking account,27,delay in paying off in the past,business,5117,<100 DM,4-7 years,3,male : single,none,4,car or other (not in attribute 6),26,none,own,2,skilled employee / official,1,none,yes,1,good,no checking account,<87 EUR,4478.08
<0 DM,12,existing credits paid duly till now,retraining,902,<100 DM,4-7 years,4,male : married/widowed,none,4,building society savings / life insurance,21,none,rent,1,skilled employee / official,1,none,yes,2,bad,<0 EUR,<87 EUR,789.37
no checking account,12,critical account / other credits,car (new),1495,<100 DM,>=7 years,4,male : single,none,1,real estate,38,none,own,2,unskilled resident,2,none,yes,1,good,no checking account,<87 EUR,1308.33
<0 DM,30,critical account / other credits,car (used),10623,<100 DM,>=7 years,3,male : single,none,4,unknown / no property,38,none,for free,3,management / self-employed / highly qualified,2,"yes, registered under customer name",yes,1,good,<0 EUR,<87 EUR,9296.59
no checking account,12,critical account / other credits,furniture/equipment,1935,<100 DM,>=7 years,4,male : single,none,4,real estate,43,none,own,3,skilled employee / official,1,"yes, registered under customer name",yes,1,good,no checking account,<87 EUR,1693.39
0-200 DM,12,critical account / other credits,domestic appliances,1424,<100 DM,4-7 years,4,male : single,none,3,building society savings / life insurance,26,none,own,1,skilled employee / official,1,none,yes,1,good,0-175 EUR,<87 EUR,1246.2
<0 DM,24,existing credits paid duly till now,business,6568,<100 DM,1-4 years,2,male : married/widowed,none,2,car or other (not in attribute 6),21,stores,own,1,unskilled resident,1,none,yes,1,good,<0 EUR,<87 EUR,5747.91
no checking account,12,existing credits paid duly till now,car (used),1413,>=1000 DM,4-7 years,3,male : single,none,2,building society savings / life insurance,55,none,own,1,skilled employee / official,1,none,no,1,good,no checking account,>=875 EUR,1236.57
no checking account,9,critical account / other credits,radio/television,3074,unknown / no savings account,1-4 years,1,male : single,none,2,real estate,33,none,own,2,skilled employee / official,2,none,yes,1,good,no checking account,unknown / no savings account,2690.17
no checking account,36,existing credits paid duly till now,radio/television,3835,unknown / no savings account,>=7 years,2,female : divorced/separated/married,none,4,real estate,45,none,own,1,unskilled resident,1,"yes, registered under customer name",yes,1,good,no checking account,unknown / no savings account,3356.15
<0 DM,27,no credits taken / all paid duly,business,5293,<100 DM,unemployed,2,male : single,none,4,building society savings / life insurance,50,stores,own,2,skilled employee / official,1,"yes, registered under customer name",yes,2,bad,<0 EUR,<87 EUR,4632.11
>=200 DM / salary assignments,30,delay in paying off in the past,business,1908,<100 DM,>=7 years,4,male : single,none,4,real estate,66,none,own,1,management / self-employed / highly qualified,1,"yes, registered under customer name",yes,2,bad,>=175 EUR / salary assignments,<87 EUR,1669.76
no checking account,36,critical account / other credits,radio/television,3342,unknown / no savings account,>=7 years,4,male : single,none,2,car or other (not in attribute 6),51,none,own,1,skilled employee / official,1,"yes, registered under customer name",yes,1,good,no checking account,unknown / no savings account,2924.71
0-200 DM,6,critical account / other credits,retraining,932,unknown / no savings account,4-7 years,1,female : divorced/separated/married,none,3,building society savings / life insurance,39,none,own,2,unskilled resident,1,none,yes,1,good,0-175 EUR,unknown / no savings account,815.63
<0 DM,18,no credits taken / all paid duly,business,3104,<100 DM,4-7 years,3,male : single,none,1,building society savings / life insurance,31,bank,own,1,skilled employee / official,1,"yes, registered under customer name",yes,1,good,<0 EUR,<87 EUR,2716.43
>=200 DM / salary assignments,36,existing credits paid duly till now,radio/television,3913,<100 DM,1-4 years,2,male : single,none,2,real estate,23,none,own,1,skilled employee / official,1,"yes, registered under customer name",yes,1,good,>=175 EUR / salary assignments,<87 EUR,3424.42
<0 DM,24,existing credits paid duly till now,furniture/equipment,3021,<100 DM,1-4 years,2,male : divorced/separated,none,2,real estate,24,none,rent,1,unskilled resident,1,none,yes,1,good,<0 EUR,<87 EUR,2643.79
no checking account,10,existing credits paid duly till now,car (new),1364,<100 DM,1-4 years,2,female : divorced/separated/married,none,4,car or other (not in attribute 6),64,none,own,1,skilled employee / official,1,"yes, registered under customer name",yes,1,good,no checking account,<87 EUR,1193.69
0-200 DM,12,existing credits paid duly till now,radio/television,625,<100 DM,<1 year,4,male : married/widowed,guarantor,1,real estate,26,bank,own,1,unskilled resident,1,none,yes,1,good,0-175 EUR,<87 EUR,546.96
<0 DM,12,existing credits paid duly till now,education,1200,unknown / no savings account,1-4 years,4,female : divorced/separated/married,none,4,building society savings / life insurance,23,bank,rent,1,skilled employee / official,1,"yes, registered under customer name",yes,1,good,<0 EUR,unknown / no savings account,1050.17
no checking account,12,existing credits paid duly till now,radio/television,707,<100 DM,1-4 years,4,male : single,none,2,real estate,30,bank,own,2,skilled employee / official,1,none,yes,1,good,no checking account,<87 EUR,618.72
no checking account,24,delay in paying off in the past,business,2978,unknown / no savings account,1-4 years,4,male : single,none,4,real estate,32,none,own,2,skilled employee / official,2,"yes, registered under customer name",yes,1,good,no checking account,unknown / no savings account,2606.16
no checking account,15,existing credits paid duly till now,car (used),4657,<100 DM,1-4 years,3,male : single,none,2,car or other (not in attribute 6),30,none,own,1,skilled employee / official,1,"yes, registered under customer name",yes,1,good,no checking account,<87 EUR,4075.52
no checking account,36,no credits taken / all paid duly,repairs,2613,<100 DM,1-4 years,4,male : single,none,2,car or other (not in attribute 6),27,none,own,2,skilled employee / official,1,none,yes,1,good,no checking account,<87 EUR,2286.74
0-200 DM,48,existing credits paid duly till now,radio/television,10961,>=1000 DM,4-7 years,1,male : single,co-applicant,2,unknown / no property,27,bank,own,2,skilled employee / official,1,"yes, registered under customer name",yes,2,bad,0-175 EUR,>=875 EUR,9592.39
<0 DM,12,existing credits paid duly till now,furniture/equipment,7865,<100 DM,>=7 years,4,male : single,none,4,unknown / no property,53,none,for free,1,management / self-employed / highly qualified,1,"yes, registered under customer name",yes,2,bad,<0 EUR,<87 EUR,6882.96
no checking account,9,existing credits paid duly till now,radio/television,1478,<100 DM,4-7 years,4,male : single,none,2,car or other (not in attribute 6),22,none,own,1,skilled employee / official,1,none,yes,2,bad,no checking account,<87 EUR,1293.45
<0 DM,24,existing credits paid duly till now,furniture/equipment,3149,<100 DM,<1 year,4,male : single,none,1,unknown / no property,22,bank,for free,1,skilled employee / official,1,none,yes,1,good,<0 EUR,<87 EUR,2755.81
>=200 DM / salary assignments,36,existing credits paid duly till now,radio/television,4210,<100 DM,1-4 years,4,male : single,none,2,car or other (not in attribute 6),26,none,own,1,skilled employee / official,1,none,yes,2,bad,>=175 EUR / salary assignments,<87 EUR,3684.33
no checking account,9,existing credits paid duly till now,car (new),2507,500-1000 DM,>=7 years,2,male : single,none,4,unknown / no property,51,none,for free,1,unskilled resident,1,none,yes,1,good,no checking account,437-875 EUR,2193.97
no checking account,12,existing credits paid duly till now,radio/television,2141,100-500 DM,4-7 years,3,male : single,none,1,unknown / no property,35,none,own,1,skilled employee / official,1,none,yes,1,good,no checking account,87-437 EUR,1873.67
0-200 DM,18,existing credits paid duly till now,radio/television,866,<100 DM,1-4 years,4,male : married/widowed,guarantor,2,real estate,25,none,own,1,unskilled resident,1,none,yes,1,good,0-175 EUR,<87 EUR,757.87
no checking account,4,critical account / other credits,radio/television,1544,<100 DM,4-7 years,2,male : single,none,1,real estate,42,none,own,3,unskilled resident,2,none,yes,1,good,no checking account,<87 EUR,1351.21
<0 DM,24,existing credits paid duly till now,radio/television,1823,<100 DM,unemployed,4,male : single,none,2,car or other (not in attribute 6),30,stores,own,1,management / self-employed / highly qualified,2,none,yes,2,bad,<0 EUR,<87 EUR,1595.38
0-200 DM,6,existing credits paid duly till now,car (new),14555,unknown / no savings account,unemployed,1,male : single,none,2,building society savings / life insurance,23,none,own,1,unemployed / unskilled non-resident,1,"yes, registered under customer name",yes,2,bad,0-175 EUR,unknown / no savings account,12737.63
0-200 DM,21,existing credits paid duly till now,business,2767,100-500 DM,>=7 years,4,male : divorced/separated,none,2,car or other (not in attribute 6),61,bank,rent,2,unskilled resident,1,none,yes,2,bad,0-175 EUR,87-437 EUR,2421.51
no checking account,12,critical account / other credits,radio/television,1291,<100 DM,1-4 years,4,female : divorced/separated/married,none,2,building society savings / life insurance,35,none,own,2,skilled employee / official,1,none,yes,1,good,no checking account,<87 EUR,1129.8
<0 DM,30,existing credits paid duly till now,radio/television,2522,<100 DM,>=7 years,1,male : single,guarantor,3,building society savings / life insurance,39,none,own,1,skilled employee / official,2,none,yes,1,good,<0 EUR,<87 EUR,2207.1
<0 DM,24,existing credits paid duly till now,car (new),915,unknown / no savings account,>=7 years,4,female : divorced/separated/married,none,2,car or other (not in attribute 6),29,bank,own,1,skilled employee / official,1,none,yes,2,bad,<0 EUR,unknown / no savings account,800.75
no checking account,6,existing credits paid duly till now,radio/television,1595,<100 DM,4-7 years,3,male : single,none,2,building society savings / life insurance,51,none,own,1,skilled employee / official,2,none,yes,1,good,no checking account,<87 EUR,1395.85
<0 DM,48,no credits taken / all paid duly,car (used),4605,<100 DM,>=7 years,3,male : single,none,4,unknown / no property,24,none,for free,2,skilled employee / official,2,none,yes,2,bad,<0 EUR,<87 EUR,4030.01
no checking account,12,critical account / other credits,business,1185,<100 DM,1-4 years,3,female : divorced/separated/married,none,2,real estate,27,none,own,2,skilled employee / official,1,none,yes,1,good,no checking account,<87 EUR,1037.04
no checking account,12,all credits at this bank paid duly,retraining,3447,500-1000 DM,1-4 years,4,female : divorced/separated/married,none,3,real estate,35,none,own,1,unskilled resident,2,none,yes,1,good,no checking account,437-875 EUR,3016.6
no checking account,24,existing credits paid duly till now,business,1258,<100 DM,4-7 years,4,male : single,none,1,real estate,25,none,own,1,skilled employee / official,1,"yes, registered under customer name",yes,1,good,no checking account,<87 EUR,1100.92
no checking account,12,critical account / other credits,radio/television,717,<100 DM,>=7 years,4,male : single,none,4,real estate,52,none,own,3,skilled employee / official,1,none,yes,1,good,no checking account,<87 EUR,627.47
no checking account,6,no credits taken / all paid duly,car (new),1204,100-500 DM,1-4 years,4,male : single,none,1,unknown / no property,35,bank,rent,1,skilled employee / official,1,none,no,1,good,no checking account,87-437 EUR,1053.67
>=200 DM / salary assignments,24,existing credits paid duly till now,furniture/equipment,1925,<100 DM,1-4 years,2,male : single,none,2,real estate,26,none,own,1,skilled employee / official,1,none,yes,1,good,>=175 EUR / salary assignments,<87 EUR,1684.64
no checking account,18,existing credits paid duly till now,radio/television,433,<100 DM,unemployed,3,female : divorced/separated/married,co-applicant,4,real estate,22,none,rent,1,skilled employee / official,1,none,yes,2,bad,no checking account,<87 EUR,378.93
<0 DM,6,critical account / other credits,car (new),666,>=1000 DM,4-7 years,3,female : divorced/separated/married,none,4,real estate,39,none,own,2,unskilled resident,1,"yes, registered under customer name",yes,1,good,<0 EUR,>=875 EUR,582.84
>=200 DM / salary assignments,12,existing credits paid duly till now,furniture/equipment,2251,<100 DM,1-4 years,1,female : divorced/separated/married,none,2,car or other (not in attribute 6),46,none,own,1,unskilled resident,1,none,yes,1,good,>=175 EUR / salary assignments,<87 EUR,1969.94
0-200 DM,30,existing credits paid duly till now,car (new),2150,<100 DM,1-4 years,4,female : divorced/separated/married,guarantor,2,unknown / no property,24,bank,own,1,skilled employee / official,1,none,yes,2,bad,0-175 EUR,<87 EUR,1881.55
no checking account,24,delay in paying off in the past,furniture/equipment,4151,100-500 DM,1-4 years,2,male : single,none,3,building society savings / life insurance,35,none,own,2,skilled employee / official,1,none,yes,1,good,no checking account,87-437 EUR,3632.7
0-200 DM,9,existing credits paid duly till now,furniture/equipment,2030,unknown / no savings account,4-7 years,2,male : single,none,1,car or other (not in attribute 6),24,none,own,1,skilled employee / official,1,"yes, registered under customer name",yes,1,good,0-175 EUR,unknown / no savings account,1776.53
0-200 DM,60,delay in paying off in the past,radio/television,7418,unknown / no savings account,1-4 years,1,male : single,none,1,real estate,27,none,own,1,unskilled resident,1,none,yes,1,good,0-175 EUR,unknown / no savings account,6491.77
no checking account,24,critical account / other credits,radio/television,2684,<100 DM,1-4 years,4,male : single,none,2,real estate,35,none,own,2,unskilled resident,1,none,yes,1,good,no checking account,<87 EUR,2348.87
<0 DM,12,all credits at this bank paid duly,radio/television,2149,<100 DM,1-4 years,4,male : divorced/separated,none,1,unknown / no property,29,none,for free,1,skilled employee / official,1,none,yes,2,bad,<0 EUR,<87 EUR,1880.67
no checking account,15,existing credits paid duly till now,car (used),3812,100-500 DM,<1 year,1,female : divorced/separated/married,none,4,car or other (not in attribute 6),23,none,own,1,skilled employee / official,1,"yes, registered under customer name",yes,1,good,no checking account,87-437 EUR,3336.03
no checking account,11,critical account / other credits,radio/television,1154,100-500 DM,unemployed,4,female : divorced/separated/married,none,4,real estate,57,none,own,3,unskilled resident,1,none,yes,1,good,no checking account,87-437 EUR,1009.91
<0 DM,12,existing credits paid duly till now,furniture/equipment,1657,<100 DM,1-4 years,2,male : single,none,2,real estate,27,none,own,1,skilled employee / official,1,none,yes,1,good,<0 EUR,<87 EUR,1450.1
<0 DM,24,existing credits paid duly till now,radio/television,1603,<100 DM,>=7 years,4,female : divorced/separated/married,none,4,car or other (not in attribute 6),55,none,own,1,skilled employee / official,1,none,yes,1,good,<0 EUR,<87 EUR,1402.85
<0 DM,18,critical account / other credits,car (new),5302,<100 DM,>=7 years,2,male : single,none,4,unknown / no property,36,none,for free,3,management / self-employed / highly qualified,1,"yes, registered under customer name",yes,1,good,<0 EUR,<87 EUR,4639.98
no checking account,12,critical account / other credits,education,2748,<100 DM,>=7 years,2,female : divorced/separated/married,none,4,unknown / no property,57,bank,for free,3,unskilled resident,1,none,yes,1,good,no checking account,<87 EUR,2404.88
no checking account,10,critical account / other credits,car (new),1231,<100 DM,>=7 years,3,male : single,none,4,real estate,32,none,own,2,unskilled resident,2,none,no,1,good,no checking account,<87 EUR,1077.29
0-200 DM,15,existing credits paid duly till now,radio/television,802,<100 DM,>=7 years,4,male : single,none,3,car or other (not in attribute 6),37,none,own,1,skilled employee / official,2,none,yes,2,bad,0-175 EUR,<87 EUR,701.86
no checking account,36,critical account / other credits,business,6304,unknown / no savings account,>=7 years,4,male : single,none,4,real estate,36,none,own,2,skilled employee / official,1,none,yes,1,good,no checking account,unknown / no savings account,5516.87
no checking account,24,existing credits paid duly till now,radio/television,1533,<100 DM,<1 year,4,female : divorced/separated/married,none,3,car or other (not in attribute 6),38,stores,own,1,skilled employee / official,1,"yes, registered under customer name",yes,1,good,no checking account,<87 EUR,1341.59
<0 DM,14,existing credits paid duly till now,car (new),8978,<100 DM,>=7 years,1,male : divorced/separated,none,4,building society savings / life insurance,45,none,own,1,management / self-employed / highly qualified,1,"yes, registered under customer name",no,2,bad,<0 EUR,<87 EUR,7856.99
no checking account,24,existing credits paid duly till now,radio/television,999,unknown / no savings account,>=7 years,4,male : single,none,2,car or other (not in attribute 6),25,none,own,2,skilled employee / official,1,none,yes,1,good,no checking account,unknown / no savings account,874.26
no checking account,18,existing credits paid duly till now,car (new),2662,unknown / no savings account,4-7 years,4,male : single,none,3,building society savings / life insurance,32,none,own,1,skilled employee / official,1,none,no,1,good,no checking account,unknown / no savings account,2329.62
no checking account,12,critical account / other credits,furniture/equipment,1402,500-1000 DM,4-7 years,3,female : divorced/separated/married,none,4,car or other (not in attribute 6),37,none,rent,1,skilled employee / official,1,"yes, registered under customer name",yes,1,good,no checking account,437-875 EUR,1226.94
0-200 DM,48,all credits at this bank paid duly,car (new),12169,unknown / no savings account,unemployed,4,male : single,co-applicant,4,unknown / no property,36,none,for free,1,management / self-employed / highly qualified,1,"yes, registered under customer name",yes,1,good,0-175 EUR,unknown / no savings account,10649.55
0-200 DM,48,existing credits paid duly till now,radio/television,3060,<100 DM,4-7 years,4,male : single,none,4,real estate,28,none,own,2,skilled employee / official,1,none,yes,2,bad,0-175 EUR,<87 EUR,2677.92
<0 DM,30,existing credits paid duly till now,repairs,11998,<100 DM,<1 year,1,male : divorced/separated,none,1,unknown / no property,34,none,own,1,unskilled resident,1,"yes, registered under customer name",yes,2,bad,<0 EUR,<87 EUR,10499.91
no checking account,9,existing credits paid duly till now,radio/television,2697,<100 DM,1-4 years,1,male : single,none,2,real estate,32,none,own,1,skilled employee / official,2,none,yes,1,good,no checking account,<87 EUR,2360.25
no checking account,18,critical account / other credits,radio/television,2404,<100 DM,1-4 years,2,female : divorced/separated/married,none,2,car or other (not in attribute 6),26,none,own,2,skilled employee / official,1,none,yes,1,good,no checking account,<87 EUR,2103.83
<0 DM,12,existing credits paid duly till now,furniture/equipment,1262,unknown / no savings account,>=7 years,2,male : divorced/separated,none,4,building society savings / life insurance,49,none,own,1,unskilled resident,1,"yes, registered under customer name",yes,1,good,<0 EUR,unknown / no savings account,1104.42
no checking account,6,existing credits paid duly till now,furniture/equipment,4611,<100 DM,<1 year,1,female : divorced/separated/married,none,4,building society savings / life insurance,32,none,own,1,skilled employee / official,1,none,yes,2,bad,no checking account,<87 EUR,4035.26
no checking account,24,existing credits paid duly till now,radio/television,1901,100-500 DM,1-4 years,4,male : single,none,4,car or other (not in attribute 6),29,none,rent,1,management / self-employed / highly qualified,1,"yes, registered under customer name",yes,1,good,no checking account,87-437 EUR,1663.64
no checking account,15,critical account / other credits,car (used),3368,>=1000 DM,>=7 years,3,male : single,none,4,unknown / no property,23,none,rent,2,skilled employee / official,1,"yes, registered under customer name",yes,1,good,no checking account,>=875 EUR,2947.46
no checking account,12,existing credits paid duly till now,furniture/equipment,1574,<100 DM,1-4 years,4,male : single,none,2,real estate,50,none,own,1,skilled employee / official,1,none,yes,1,good,no checking account,<87 EUR,1377.47
>=200 DM / salary assignments,18,all credits at this bank paid duly,radio/television,1445,unknown / no savings account,4-7 years,4,male : single,none,4,car or other (not in attribute 6),49,bank,own,1,unskilled resident,1,none,yes,1,good,>=175 EUR / salary assignments,unknown / no savings account,1264.57
no checking account,15,critical account / other credits,furniture/equipment,1520,unknown / no savings account,>=7 years,4,male : single,none,4,building society savings / life insurance,63,none,own,1,skilled employee / official,1,none,yes,1,good,no checking account,unknown / no savings account,1330.21
0-200 DM,24,critical account / other credits,car (new),3878,100-500 DM,<1 year,4,male : divorced/separated,none,2,car or other (not in attribute 6),37,none,own,1,skilled employee / official,1,"yes, registered under customer name",yes,1,good,0-175 EUR,87-437 EUR,3393.79
<0 DM,47,existing credits paid duly till now,car (new),10722,<100 DM,<1 year,1,female : divorced/separated/married,none,1,real estate,35,none,own,1,unskilled resident,1,"yes, registered under customer name",yes,1,good,<0 EUR,<87 EUR,9383.23
<0 DM,48,existing credits paid duly till now,car (used),4788,<100 DM,4-7 years,4,male : single,none,3,building society savings / life insurance,26,none,own,1,skilled employee / official,2,none,yes,1,good,<0 EUR,<87 EUR,4190.16
0-200 DM,48,delay in paying off in the past,others,7582,100-500 DM,unemployed,2,male : single,none,4,unknown / no property,31,none,for free,1,management / self-employed / highly qualified,1,"yes, registered under customer name",yes,1,good,0-175 EUR,87-437 EUR,6635.3
0-200 DM,12,existing credits paid duly till now,radio/television,1092,<100 DM,1-4 years,4,female : divorced/separated/married,guarantor,4,real estate,49,none,own,2,skilled employee / official,1,"yes, registered under customer name",yes,1,good,0-175 EUR,<87 EUR,955.65
<0 DM,24,delay in paying off in the past,radio/television,1024,<100 DM,<1 year,4,male : married/widowed,none,4,real estate,48,stores,own,1,skilled employee / official,1,none,yes,2,bad,<0 EUR,<87 EUR,896.14
no checking account,12,existing credits paid duly till now,business,1076,<100 DM,1-4 years,2,male : married/widowed,none,2,real estate,26,none,own,1,skilled employee / official,1,"yes, registered under customer name",no,1,good,no checking account,<87 EUR,941.65
0-200 DM,36,existing credits paid duly till now,car (used),9398,<100 DM,<1 year,1,male : married/widowed,none,4,car or other (not in attribute 6),28,none,rent,1,management / self-employed / highly qualified,1,"yes, registered under customer name",yes,2,bad,0-175 EUR,<87 EUR,8224.55
<0 DM,24,critical account / other credits,car (used),6419,<100 DM,>=7 years,2,female : divorced/separated/married,none,4,unknown / no property,44,none,for free,2,management / self-employed / highly qualified,2,"yes, registered under customer name",yes,1,good,<0 EUR,<87 EUR,5617.51
>=200 DM / salary assignments,42,critical account / other credits,car (used),4796,<100 DM,>=7 years,4,male : single,none,4,unknown / no property,56,none,for free,1,skilled employee / official,1,none,yes,1,good,>=175 EUR / salary assignments,<87 EUR,4197.16
no checking account,48,critical account / other credits,business,7629,unknown / no savings account,>=7 years,4,male : divorced/separated,none,2,car or other (not in attribute 6),46,bank,own,2,management / self-employed / highly qualified,2,none,yes,1,good,no checking account,unknown / no savings account,6676.43
0-200 DM,48,existing credits paid duly till now,furniture/equipment,9960,<100 DM,<1 year,1,female : divorced/separated/married,none,2,car or other (not in attribute 6),26,none,own,1,skilled employee / official,1,"yes, registered under customer name",yes,2,bad,0-175 EUR,<87 EUR,8716.37
no checking account,12,existing credits paid duly till now,car (used),4675,unknown / no savings account,<1 year,1,female : divorced/separated/married,none,4,car or other (not in attribute 6),20,none,rent,1,skilled employee / official,1,none,yes,1,good,no checking account,unknown / no savings account,4091.27
no checking account,10,existing credits paid duly till now,car (new),1287,unknown / no savings account,>=7 years,4,male : single,co-applicant,2,building society savings / life insurance,45,none,own,1,unskilled resident,1,none,no,1,good,no checking account,unknown / no savings account,1126.3
no checking account,18,existing credits paid duly till now,furniture/equipment,2515,<100 DM,1-4 years,3,male : single,none,4,real estate,43,none,own,1,skilled employee / official,1,"yes, registered under customer name",yes,1,good,no checking account,<87 EUR,2200.97
0-200 DM,21,critical account / other credits,furniture/equipment,2745,>=1000 DM,4-7 years,3,male : single,none,2,car or other (not in attribute 6),32,none,own,2,skilled employee / official,1,"yes, registered under customer name",yes,1,good,0-175 EUR,>=875 EUR,2402.25
no checking account,6,existing credits paid duly till now,car (new),672,<100 DM,unemployed,1,female : divorced/separated/married,none,4,real estate,54,none,own,1,unemployed / unskilled non-resident,1,"yes, registered under customer name",yes,1,good,no checking account,<87 EUR,588.09
0-200 DM,36,no credits taken / all paid duly,radio/television,3804,<100 DM,1-4 years,4,female : divorced/separated/married,none,1,car or other (not in attribute 6),42,none,own,1,skilled employee / official,1,"yes, registered under customer name",yes,2,bad,0-175 EUR,<87 EUR,3329.03
>=200 DM / salary assignments,24,critical account / other credits,car (new),1344,unknown / no savings account,4-7 years,4,male : single,none,2,real estate,37,bank,own,2,unskilled resident,2,none,yes,2,bad,>=175 EUR / salary assignments,unknown / no savings account,1176.19
<0 DM,10,critical account / other credits,car (new),1038,<100 DM,4-7 years,4,male : single,co-applicant,3,building society savings / life insurance,49,none,own,2,skilled employee / official,1,"yes, registered under customer name",yes,1,good,<0 EUR,<87 EUR,908.39
no checking account,48,critical account / other credits,car (new),10127,500-1000 DM,1-4 years,2,male : single,none,2,unknown / no property,44,bank,for free,1,skilled employee / official,1,none,yes,2,bad,no checking account,437-875 EUR,8862.52
no checking account,6,existing credits paid duly till now,furniture/equipment,1543,>=1000 DM,1-4 years,4,male : divorced/separated,none,2,real estate,33,none,own,1,skilled employee / official,1,none,yes,1,good,no checking account,>=875 EUR,1350.34
no checking account,30,existing credits paid duly till now,car (used),4811,unknown / no savings account,4-7 years,2,female : divorced/separated/married,none,4,building society savings / life insurance,24,stores,rent,1,unskilled resident,1,none,yes,1,good,no checking account,unknown / no savings account,4210.29
<0 DM,12,existing credits paid duly till now,radio/television,727,100-500 DM,<1 year,4,male : married/widowed,none,3,unknown / no property,33,none,own,1,unskilled resident,1,"yes, registered under customer name",yes,2,bad,<0 EUR,87-437 EUR,636.23
0-200 DM,8,existing credits paid duly till now,furniture/equipment,1237,<100 DM,1-4 years,3,female : divorced/separated/married,none,4,real estate,24,none,own,1,skilled employee / official,1,none,yes,2,bad,0-175 EUR,<87 EUR,1082.55
0-200 DM,9,existing credits paid duly till now,car (new),276,<100 DM,1-4 years,4,male : married/widowed,none,4,real estate,22,none,rent,1,unskilled resident,1,none,yes,1,good,0-175 EUR,<87 EUR,241.54
0-200 DM,48,existing credits paid duly till now,others,5381,unknown / no savings account,unemployed,3,male : single,none,4,unknown / no property,40,bank,for free,1,unemployed / unskilled non-resident,1,"yes, registered under customer name",yes,1,good,0-175 EUR,unknown / no savings account,4709.12
no checking account,24,existing credits paid duly till now,furniture/equipment,5511,100-500 DM,1-4 years,4,male : single,none,1,car or other (not in attribute 6),25,stores,own,1,skilled employee / official,1,none,yes,1,good,no checking account,87-437 EUR,4822.89
>=200 DM / salary assignments,24,existing credits paid duly till now,furniture/equipment,3749,<100 DM,<1 year,2,female : divorced/separated/married,none,4,car or other (not in attribute 6),26,none,own,1,skilled employee / official,1,none,yes,1,good,>=175 EUR / salary assignments,<87 EUR,3280.89
0-200 DM,12,existing credits paid duly till now,car (new),685,<100 DM,4-7 years,2,male : married/widowed,none,3,car or other (not in attribute 6),25,bank,own,1,unskilled resident,1,none,yes,2,bad,0-175 EUR,<87 EUR,599.47
>=200 DM / salary assignments,4,existing credits paid duly till now,car (new),1494,unknown / no savings account,<1 year,1,male : single,none,2,real estate,29,none,own,1,unskilled resident,2,none,no,1,good,>=175 EUR / salary assignments,unknown / no savings account,1307.46
<0 DM,36,all credits at this bank paid duly,furniture/equipment,2746,<100 DM,>=7 years,4,male : single,none,4,car or other (not in attribute 6),31,bank,own,1,skilled employee / official,1,none,yes,2,bad,<0 EUR,<87 EUR,2403.13
<0 DM,12,existing credits paid duly till now,furniture/equipment,708,<100 DM,1-4 years,2,male : single,guarantor,3,building society savings / life insurance,38,none,own,1,unskilled resident,2,none,yes,1,good,<0 EUR,<87 EUR,619.6
0-200 DM,24,existing credits paid duly till now,furniture/equipment,4351,unknown / no savings account,1-4 years,1,female : divorced/separated/married,none,4,building society savings / life insurance,48,none,own,1,unskilled resident,1,"yes, registered under customer name",yes,1,good,0-175 EUR,unknown / no savings account,3807.73
no checking account,12,critical account / other credits,education,701,<100 DM,1-4 years,4,male : single,none,2,car or other (not in attribute 6),32,none,own,2,skilled employee / official,1,none,yes,1,good,no checking account,<87 EUR,613.47
<0 DM,15,delay in paying off in the past,furniture/equipment,3643,<100 DM,>=7 years,1,female : divorced/separated/married,none,4,building society savings / life insurance,27,none,own,2,unskilled resident,1,none,yes,1,good,<0 EUR,<87 EUR,3188.13
0-200 DM,30,critical account / other credits,car (new),4249,<100 DM,unemployed,4,male : married/widowed,none,2,car or other (not in attribute 6),28,none,own,2,management / self-employed / highly qualified,1,none,yes,2,bad,0-175 EUR,<87 EUR,3718.46
<0 DM,24,existing credits paid duly till now,radio/television,1938,<100 DM,<1 year,4,male : divorced/separated,none,3,building society savings / life insurance,32,none,own,1,skilled employee / official,1,none,yes,2,bad,<0 EUR,<87 EUR,1696.02
<0 DM,24,existing credits paid duly till now,car (used),2910,<100 DM,4-7 years,2,male : single,none,1,unknown / no property,34,none,for free,1,management / self-employed / highly qualified,1,"yes, registered under customer name",yes,1,good,<0 EUR,<87 EUR,2546.65
<0 DM,18,existing credits paid duly till now,furniture/equipment,2659,>=1000 DM,1-4 years,4,male : single,none,2,car or other (not in attribute 6),28,none,own,1,skilled employee / official,1,none,yes,1,good,<0 EUR,>=875 EUR,2326.99
no checking account,18,critical account / other credits,car (new),1028,<100 DM,1-4 years,4,female : divorced/separated/married,none,3,real estate,36,none,own,2,skilled employee / official,1,none,yes,1,good,no checking account,<87 EUR,899.64
<0 DM,8,critical account / other credits,car (new),3398,<100 DM,4-7 years,1,male : single,none,4,real estate,39,none,own,2,unskilled resident,1,none,no,1,good,<0 EUR,<87 EUR,2973.72
no checking account,12,critical account / other credits,furniture/equipment,5801,unknown / no savings account,>=7 years,2,male : single,none,4,building society savings / life insurance,49,none,rent,1,skilled employee / official,1,"yes, registered under customer name",yes,1,good,no checking account,unknown / no savings account,5076.68
no checking account,24,existing credits paid duly till now,car (new),1525,>=1000 DM,4-7 years,4,female : divorced/separated/married,none,3,car or other (not in attribute 6),34,none,own,1,skilled employee / official,2,"yes, registered under customer name",yes,1,good,no checking account,>=875 EUR,1334.59
>=200 DM / salary assignments,36,existing credits paid duly till now,radio/television,4473,<100 DM,>=7 years,4,male : single,none,2,car or other (not in attribute 6),31,none,own,1,skilled employee / official,1,none,yes,1,good,>=175 EUR / salary assignments,<87 EUR,3914.49
0-200 DM,6,existing credits paid duly till now,radio/television,1068,<100 DM,>=7 years,4,male : single,none,4,car or other (not in attribute 6),28,none,own,1,skilled employee / official,2,none,yes,1,good,0-175 EUR,<87 EUR,934.65
<0 DM,24,critical account / other credits,car (used),6615,<100 DM,unemployed,2,male : single,none,4,unknown / no property,75,none,for free,2,management / self-employed / highly qualified,1,"yes, registered under customer name",yes,1,good,<0 EUR,<87 EUR,5789.04
no checking account,18,critical account / other credits,education,1864,100-500 DM,1-4 years,4,female : divorced/separated/married,none,2,real estate,30,none,own,2,skilled employee / official,1,none,yes,2,bad,no checking account,87-437 EUR,1631.26
0-200 DM,60,existing credits paid duly till now,car (new),7408,100-500 DM,<1 year,4,female : divorced/separated/married,none,2,building society savings / life insurance,24,none,own,1,management / self-employed / highly qualified,1,none,yes,2,bad,0-175 EUR,87-437 EUR,6483.02
no checking account,48,critical account / other credits,car (used),11590,100-500 DM,1-4 years,2,female : divorced/separated/married,none,4,car or other (not in attribute 6),24,bank,rent,2,unskilled resident,1,none,yes,2,bad,no checking account,87-437 EUR,10142.85
<0 DM,24,no credits taken / all paid duly,furniture/equipment,4110,<100 DM,>=7 years,3,male : single,none,4,unknown / no property,23,bank,rent,2,skilled employee / official,2,none,yes,2,bad,<0 EUR,<87 EUR,3596.82
<0 DM,6,critical account / other credits,furniture/equipment,3384,<100 DM,1-4 years,1,male : divorced/separated,none,4,real estate,44,none,rent,1,management / self-employed / highly qualified,1,"yes, registered under customer name",yes,2,bad,<0 EUR,<87 EUR,2961.47
0-200 DM,13,existing credits paid duly till now,radio/television,2101,<100 DM,<1 year,2,female : divorced/separated/married,guarantor,4,building society savings / life insurance,23,none,own,1,unskilled resident,1,none,yes,1,good,0-175 EUR,<87 EUR,1838.67
<0 DM,15,existing credits paid duly till now,domestic appliances,1275,unknown / no savings account,1-4 years,4,female : divorced/separated/married,none,2,car or other (not in attribute 6),24,none,rent,1,skilled employee / official,1,none,yes,2,bad,<0 EUR,unknown / no savings account,1115.8
<0 DM,24,existing credits paid duly till now,furniture/equipment,4169,<100 DM,1-4 years,4,male : single,none,4,building society savings / life insurance,28,none,own,1,skilled employee / official,1,none,yes,1,good,<0 EUR,<87 EUR,3648.45
0-200 DM,10,existing credits paid duly till now,furniture/equipment,1521,<100 DM,1-4 years,4,male : divorced/separated,none,2,car or other (not in attribute 6),31,none,own,1,unskilled resident,1,none,yes,1,good,0-175 EUR,<87 EUR,1331.08
0-200 DM,24,critical account / other credits,education,5743,<100 DM,<1 year,2,female : divorced/separated/married,none,4,unknown / no property,24,none,for free,2,skilled employee / official,1,"yes, registered under customer name",yes,1,good,0-175 EUR,<87 EUR,5025.92
<0 DM,21,existing credits paid duly till now,furniture/equipment,3599,<100 DM,4-7 years,1,female : divorced/separated/married,none,4,car or other (not in attribute 6),26,none,rent,1,unskilled resident,1,none,yes,1,good,<0 EUR,<87 EUR,3149.62
0-200 DM,18,existing credits paid duly till now,radio/television,3213,500-1000 DM,<1 year,1,male : married/widowed,none,3,real estate,25,none,rent,1,skilled employee / official,1,none,yes,1,good,0-175 EUR,437-875 EUR,2811.82
0-200 DM,18,existing credits paid duly till now,business,4439,<100 DM,>=7 years,1,male : single,co-applicant,1,real estate,33,bank,own,1,management / self-employed / highly qualified,1,"yes, registered under customer name",yes,1,good,0-175 EUR,<87 EUR,3884.74
>=200 DM / salary assignments,10,existing credits paid duly till now,car (new),3949,<100 DM,<1 year,1,male : single,guarantor,1,building society savings / life insurance,37,none,own,1,unskilled resident,2,none,yes,1,good,>=175 EUR / salary assignments,<87 EUR,3455.92
no checking account,15,critical account / other credits,radio/television,1459,<100 DM,1-4 years,4,female : divorced/separated/married,none,2,car or other (not in attribute 6),43,none,own,1,unskilled resident,1,none,yes,1,good,no checking account,<87 EUR,1276.83
0-200 DM,13,critical account / other credits,radio/television,882,<100 DM,<1 year,4,male : single,guarantor,4,real estate,23,none,own,2,skilled employee / official,1,none,yes,1,good,0-175 EUR,<87 EUR,771.87
0-200 DM,24,existing credits paid duly till now,radio/television,3758,500-1000 DM,unemployed,1,female : divorced/separated/married,none,4,unknown / no property,23,none,rent,1,unemployed / unskilled non-resident,1,none,yes,1,good,0-175 EUR,437-875 EUR,3288.77
no checking account,6,delay in paying off in the past,business,1743,100-500 DM,1-4 years,1,male : single,none,2,real estate,34,none,own,2,unskilled resident,1,none,yes,1,good,no checking account,87-437 EUR,1525.37
0-200 DM,9,critical account / other credits,education,1136,>=1000 DM,>=7 years,4,male : single,none,3,unknown / no property,32,none,for free,2,skilled employee / official,2,none,yes,2,bad,0-175 EUR,>=875 EUR,994.16
no checking account,9,existing credits paid duly till now,domestic appliances,1236,<100 DM,<1 year,1,female : divorced/separated/married,none,4,real estate,23,none,rent,1,skilled employee / official,1,"yes, registered under customer name",yes,1,good,no checking account,<87 EUR,1081.67
0-200 DM,9,existing credits paid duly till now,furniture/equipment,959,<100 DM,1-4 years,1,female : divorced/separated/married,none,2,car or other (not in attribute 6),29,none,own,1,skilled employee / official,1,none,no,2,bad,0-175 EUR,<87 EUR,839.26
no checking account,18,critical account / other credits,car (used),3229,unknown / no savings account,unemployed,2,male : single,none,4,unknown / no property,38,none,own,1,management / self-employed / highly qualified,1,"yes, registered under customer name",yes,1,good,no checking account,unknown / no savings account,2825.82
<0 DM,12,no credits taken / all paid duly,radio/television,6199,<100 DM,1-4 years,4,male : single,none,2,building society savings / life insurance,28,none,rent,2,skilled employee / official,1,"yes, registered under customer name",yes,2,bad,<0 EUR,<87 EUR,5424.98
no checking account,10,existing credits paid duly till now,education,727,500-1000 DM,>=7 years,4,male : single,none,4,unknown / no property,46,none,for free,1,skilled employee / official,1,"yes, registered under customer name",yes,1,good,no checking account,437-875 EUR,636.23
0-200 DM,24,existing credits paid duly till now,car (new),1246,<100 DM,<1 year,4,male : single,none,2,real estate,23,stores,own,1,unskilled resident,1,none,yes,2,bad,0-175 EUR,<87 EUR,1090.42
no checking account,12,critical account / other credits,radio/television,2331,unknown / no savings account,>=7 years,1,male : single,co-applicant,4,real estate,49,none,own,1,skilled employee / official,1,"yes, registered under customer name",yes,1,good,no checking account,unknown / no savings account,2039.95
no checking account,36,delay in paying off in the past,radio/television,4463,<100 DM,1-4 years,4,male : single,none,2,car or other (not in attribute 6),26,none,own,2,management / self-employed / highly qualified,1,"yes, registered under customer name",yes,2,bad,no checking account,<87 EUR,3905.74
no checking account,12,existing credits paid duly till now,radio/television,776,<100 DM,1-4 years,4,male : married/widowed,none,2,real estate,28,none,own,1,skilled employee / official,1,none,yes,1,good,no checking account,<87 EUR,679.11
<0 DM,30,existing credits paid duly till now,furniture/equipment,2406,<100 DM,4-7 years,4,female : divorced/separated/married,none,4,real estate,23,none,rent,1,skilled employee / official,1,none,yes,2,bad,<0 EUR,<87 EUR,2105.58
0-200 DM,18,existing credits paid duly till now,education,1239,unknown / no savings account,1-4 years,4,male : single,none,4,unknown / no property,61,none,for free,1,skilled employee / official,1,none,yes,1,good,0-175 EUR,unknown / no savings account,1084.3
>=200 DM / salary assignments,12,existing credits paid duly till now,radio/television,3399,unknown / no savings account,>=7 years,2,male : single,none,3,car or other (not in attribute 6),37,none,own,1,management / self-employed / highly qualified,1,none,yes,1,good,>=175 EUR / salary assignments,unknown / no savings account,2974.59
>=200 DM / salary assignments,12,delay in paying off in the past,car (new),2247,<100 DM,1-4 years,2,female : divorced/separated/married,none,2,car or other (not in attribute 6),36,stores,own,2,skilled employee / official,1,"yes, registered under customer name",yes,1,good,>=175 EUR / salary assignments,<87 EUR,1966.44
no checking account,6,existing credits paid duly till now,furniture/equipment,1766,<100 DM,1-4 years,1,male : married/widowed,none,2,building society savings / life insurance,21,none,rent,1,skilled employee / official,1,none,yes,1,good,no checking account,<87 EUR,1545.49
<0 DM,18,existing credits paid duly till now,furniture/equipment,2473,<100 DM,unemployed,4,male : single,none,1,car or other (not in attribute 6),25,none,own,1,unemployed / unskilled non-resident,1,none,yes,2,bad,<0 EUR,<87 EUR,2164.22
no checking account,12,existing credits paid duly till now,business,1542,<100 DM,4-7 years,2,male : single,none,4,car or other (not in attribute 6),36,none,own,1,skilled employee / official,1,"yes, registered under customer name",yes,1,good,no checking account,<87 EUR,1349.46
no checking account,18,critical account / other credits,car (used),3850,<100 DM,4-7 years,3,male : single,none,1,car or other (not in attribute 6),27,none,own,2,skilled employee / official,1,none,yes,1,good,no checking account,<87 EUR,3369.28
<0 DM,18,existing credits paid duly till now,furniture/equipment,3650,<100 DM,<1 year,1,female : divorced/separated/married,none,4,car or other (not in attribute 6),22,none,rent,1,skilled employee / official,1,none,yes,1,good,<0 EUR,<87 EUR,3194.25
<0 DM,36,existing credits paid duly till now,furniture/equipment,3446,<100 DM,>=7 years,4,male : single,none,2,car or other (not in attribute 6),42,none,own,1,skilled employee / official,2,none,yes,2,bad,<0 EUR,<87 EUR,3015.73
0-200 DM,18,existing credits paid duly till now,furniture/equipment,3001,<100 DM,4-7 years,2,female : divorced/separated/married,none,4,real estate,40,none,rent,1,skilled employee / official,1,none,yes,1,good,0-175 EUR,<87 EUR,2626.29
no checking account,36,existing credits paid duly till now,car (new),3079,unknown / no savings account,1-4 years,4,male : single,none,4,real estate,36,none,own,1,skilled employee / official,1,none,yes,1,good,no checking account,unknown / no savings account,2694.55
no checking account,18,critical account / other credits,radio/television,6070,<100 DM,>=7 years,3,male : single,none,4,car or other (not in attribute 6),33,none,own,2,skilled employee / official,1,"yes, registered under customer name",yes,1,good,no checking account,<87 EUR,5312.09
no checking account,10,critical account / other credits,furniture/equipment,2146,<100 DM,<1 year,1,female : divorced/separated/married,none,3,real estate,23,none,rent,2,skilled employee / official,1,none,yes,1,good,no checking account,<87 EUR,1878.05
no checking account,60,critical account / other credits,car (new),13756,unknown / no savings account,>=7 years,2,male : single,none,4,unknown / no property,63,bank,for free,1,management / self-employed / highly qualified,1,"yes, registered under customer name",yes,1,good,no checking account,unknown / no savings account,12038.4
0-200 DM,60,all credits at this bank paid duly,others,14782,100-500 DM,>=7 years,3,female : divorced/separated/married,none,4,unknown / no property,60,bank,for free,2,management / self-employed / highly qualified,1,"yes, registered under customer name",yes,2,bad,0-175 EUR,87-437 EUR,12936.29
<0 DM,48,all credits at this bank paid duly,business,7685,<100 DM,4-7 years,2,female : divorced/separated/married,guarantor,4,car or other (not in attribute 6),37,none,rent,1,skilled employee / official,1,none,yes,2,bad,<0 EUR,<87 EUR,6725.44
no checking account,18,delay in paying off in the past,radio/television,2320,<100 DM,unemployed,2,male : married/widowed,none,3,real estate,34,none,own,2,skilled employee / official,1,none,yes,1,good,no checking account,<87 EUR,2030.32
no checking account,7,delay in paying off in the past,radio/television,846,unknown / no savings account,>=7 years,3,male : single,none,4,unknown / no property,36,none,for free,1,skilled employee / official,1,none,yes,1,good,no checking account,unknown / no savings account,740.37
0-200 DM,36,existing credits paid duly till now,car (new),14318,<100 DM,>=7 years,4,male : single,none,2,unknown / no property,57,none,for free,1,management / self-employed / highly qualified,1,"yes, registered under customer name",yes,2,bad,0-175 EUR,<87 EUR,12530.23
no checking account,6,critical account / other credits,car (new),362,100-500 DM,1-4 years,4,female : divorced/separated/married,none,4,car or other (not in attribute 6),52,none,own,2,unskilled resident,1,none,yes,1,good,no checking account,87-437 EUR,316.8
<0 DM,20,existing credits paid duly till now,furniture/equipment,2212,unknown / no savings account,4-7 years,4,male : single,none,4,car or other (not in attribute 6),39,none,own,1,skilled employee / official,1,"yes, registered under customer name",yes,1,good,<0 EUR,unknown / no savings account,1935.81
0-200 DM,18,existing credits paid duly till now,car (used),12976,<100 DM,unemployed,3,female : divorced/separated/married,none,4,unknown / no property,38,none,for free,1,management / self-employed / highly qualified,1,"yes, registered under customer name",yes,2,bad,0-175 EUR,<87 EUR,11355.79
no checking account,22,existing credits paid duly till now,car (new),1283,unknown / no savings account,4-7 years,4,female : divorced/separated/married,none,4,building society savings / life insurance,25,none,rent,1,skilled employee / official,1,none,yes,1,good,no checking account,unknown / no savings account,1122.8
>=200 DM / salary assignments,12,existing credits paid duly till now,car (new),1330,<100 DM,<1 year,4,male : single,none,1,real estate,26,none,own,1,skilled employee / official,1,none,yes,1,good,>=175 EUR / salary assignments,<87 EUR,1163.93
no checking account,30,delay in paying off in the past,business,4272,100-500 DM,1-4 years,2,male : single,none,2,building society savings / life insurance,26,none,own,2,unskilled resident,1,none,yes,1,good,no checking account,87-437 EUR,3738.59
no checking account,18,critical account / other credits,radio/television,2238,<100 DM,1-4 years,2,female : divorced/separated/married,none,1,car or other (not in attribute 6),25,none,own,2,skilled employee / official,1,none,yes,1,good,no checking account,<87 EUR,1958.56
no checking account,18,existing credits paid duly till now,radio/television,1126,unknown / no savings account,<1 year,4,female : divorced/separated/married,none,2,real estate,21,none,rent,1,skilled employee / official,1,"yes, registered under customer name",yes,1,good,no checking account,unknown / no savings account,985.41
0-200 DM,18,critical account / other credits,furniture/equipment,7374,<100 DM,unemployed,4,male : single,none,4,building society savings / life insurance,40,stores,own,2,management / self-employed / highly qualified,1,"yes, registered under customer name",yes,1,good,0-175 EUR,<87 EUR,6453.27
0-200 DM,15,critical account / other credits,business,2326,500-1000 DM,1-4 years,2,male : single,none,4,car or other (not in attribute 6),27,bank,own,1,skilled employee / official,1,none,yes,1,good,0-175 EUR,437-875 EUR,2035.57
no checking account,9,existing credits paid duly till now,business,1449,<100 DM,4-7 years,3,female : divorced/separated/married,none,2,car or other (not in attribute 6),27,none,own,2,skilled employee / official,1,none,yes,1,good,no checking account,<87 EUR,1268.08
no checking account,18,existing credits paid duly till now,car (new),1820,<100 DM,1-4 years,2,male : married/widowed,none,2,building society savings / life insurance,30,none,own,1,management / self-employed / highly qualified,1,"yes, registered under customer name",yes,1,good,no checking account,<87 EUR,1592.75
0-200 DM,12,existing credits paid duly till now,furniture/equipment,983,>=1000 DM,<1 year,1,female : divorced/separated/married,none,4,real estate,19,none,rent,1,unskilled resident,1,none,yes,1,good,0-175 EUR,>=875 EUR,860.26
<0 DM,36,existing credits paid duly till now,car (new),3249,<100 DM,4-7 years,2,male : single,none,4,unknown / no property,39,bank,for free,1,management / self-employed / highly qualified,2,"yes, registered under customer name",yes,1,good,<0 EUR,<87 EUR,2843.32
<0 DM,6,critical account / other credits,radio/television,1957,<100 DM,4-7 years,1,female : divorced/separated/married,none,4,car or other (not in attribute 6),31,none,own,1,skilled employee / official,1,none,yes,1,good,<0 EUR,<87 EUR,1712.65
no checking account,9,critical account / other credits,furniture/equipment,2406,<100 DM,unemployed,2,male : single,none,3,car or other (not in attribute 6),31,none,own,1,management / self-employed / highly qualified,1,none,yes,1,good,no checking account,<87 EUR,2105.58
0-200 DM,39,delay in paying off in the past,education,11760,100-500 DM,4-7 years,2,male : single,none,3,unknown / no property,32,none,rent,1,skilled employee / official,1,"yes, registered under customer name",yes,1,good,0-175 EUR,87-437 EUR,10291.62
<0 DM,12,existing credits paid duly till now,furniture/equipment,2578,<100 DM,unemployed,3,female : divorced/separated/married,none,4,unknown / no property,55,none,for free,1,management / self-employed / highly qualified,1,none,yes,1,good,<0 EUR,<87 EUR,2256.11
<0 DM,36,critical account / other credits,furniture/equipment,2348,<100 DM,1-4 years,3,male : married/widowed,none,2,building society savings / life insurance,46,none,own,2,skilled employee / official,1,"yes, registered under customer name",yes,1,good,<0 EUR,<87 EUR,2054.82
0-200 DM,12,existing credits paid duly till now,car (new),1223,<100 DM,>=7 years,1,male : divorced/separated,none,1,real estate,46,none,rent,2,skilled employee / official,1,none,yes,2,bad,0-175 EUR,<87 EUR,1070.29
no checking account,24,critical account / other credits,radio/television,1516,>=1000 DM,1-4 years,4,female : divorced/separated/married,none,1,real estate,43,none,own,2,unskilled resident,1,none,yes,1,good,no checking account,>=875 EUR,1326.71
no checking account,18,existing credits paid duly till now,radio/television,1473,<100 DM,<1 year,3,male : married/widowed,none,4,real estate,39,none,own,1,skilled employee / official,1,"yes, registered under customer name",yes,1,good,no checking account,<87 EUR,1289.08
0-200 DM,18,critical account / other credits,business,1887,unknown / no savings account,1-4 years,4,male : married/widowed,none,4,real estate,28,bank,own,2,skilled employee / official,1,none,yes,1,good,0-175 EUR,unknown / no savings account,1651.39
no checking account,24,delay in paying off in the past,business,8648,<100 DM,<1 year,2,male : single,none,2,car or other (not in attribute 6),27,bank,own,2,skilled employee / official,1,"yes, registered under customer name",yes,2,bad,no checking account,<87 EUR,7568.19
no checking account,14,delay in paying off in the past,car (new),802,<100 DM,1-4 years,4,male : single,none,2,car or other (not in attribute 6),27,none,own,2,unskilled resident,1,none,yes,1,good,no checking account,<87 EUR,701.86
0-200 DM,18,delay in paying off in the past,car (new),2899,unknown / no savings account,>=7 years,4,male : single,none,4,car or other (not in attribute 6),43,none,own,1,skilled employee / official,2,none,yes,1,good,0-175 EUR,unknown / no savings account,2537.03
0-200 DM,24,existing credits paid duly till now,radio/television,2039,<100 DM,<1 year,1,male : married/widowed,none,1,building society savings / life insurance,22,none,own,1,skilled employee / official,1,"yes, registered under customer name",yes,2,bad,0-175 EUR,<87 EUR,1784.41
no checking account,24,critical account / other credits,car (used),2197,unknown / no savings account,4-7 years,4,male : single,none,4,car or other (not in attribute 6),43,none,own,2,skilled employee / official,2,"yes, registered under customer name",yes,1,good,no checking account,unknown / no savings account,1922.68
<0 DM,15,existing credits paid duly till now,radio/television,1053,<100 DM,<1 year,4,male : married/widowed,none,2,real estate,27,none,own,1,skilled employee / official,1,none,no,1,good,<0 EUR,<87 EUR,921.52
no checking account,24,existing credits paid duly till now,radio/television,3235,500-1000 DM,>=7 years,3,male : divorced/separated,none,2,car or other (not in attribute 6),26,none,own,1,management / self-employed / highly qualified,1,"yes, registered under customer name",yes,1,good,no checking account,437-875 EUR,2831.07
>=200 DM / salary assignments,12,critical account / other credits,car (new),939,500-1000 DM,4-7 years,4,male : married/widowed,none,2,real estate,28,none,own,3,skilled employee / official,1,"yes, registered under customer name",yes,2,bad,>=175 EUR / salary assignments,437-875 EUR,821.75
0-200 DM,24,existing credits paid duly till now,radio/television,1967,<100 DM,>=7 years,4,female : divorced/separated/married,none,4,car or other (not in attribute 6),20,none,own,1,skilled employee / official,1,"yes, registered under customer name",yes,1,good,0-175 EUR,<87 EUR,1721.4
no checking account,33,critical account / other credits,car (used),7253,<100 DM,4-7 years,3,male : single,none,2,car or other (not in attribute 6),35,none,own,2,management / self-employed / highly qualified,1,"yes, registered under customer name",yes,1,good,no checking account,<87 EUR,6347.38
no checking account,12,critical account / other credits,business,2292,<100 DM,unemployed,4,male : single,none,2,car or other (not in attribute 6),42,stores,own,2,management / self-employed / highly qualified,1,"yes, registered under customer name",yes,2,bad,no checking account,<87 EUR,2005.82
no checking account,10,existing credits paid duly till now,car (new),1597,500-1000 DM,1-4 years,3,male : single,none,2,unknown / no property,40,none,rent,1,unskilled resident,2,none,no,1,good,no checking account,437-875 EUR,1397.6
<0 DM,24,existing credits paid duly till now,car (new),1381,unknown / no savings account,1-4 years,4,female : divorced/separated/married,none,2,building society savings / life insurance,35,none,own,1,skilled employee / official,1,none,yes,2,bad,<0 EUR,unknown / no savings account,1208.57
no checking account,36,critical account / other credits,car (used),5842,<100 DM,>=7 years,2,male : single,none,2,building society savings / life insurance,35,none,own,2,skilled employee / official,2,"yes, registered under customer name",yes,1,good,no checking account,<87 EUR,5112.56
<0 DM,12,existing credits paid duly till now,car (new),2579,<100 DM,<1 year,4,male : single,none,1,real estate,33,none,own,1,unskilled resident,2,none,yes,2,bad,<0 EUR,<87 EUR,2256.98
<0 DM,18,delay in paying off in the past,education,8471,unknown / no savings account,1-4 years,1,female : divorced/separated/married,none,2,car or other (not in attribute 6),23,none,rent,2,skilled employee / official,1,"yes, registered under customer name",yes,1,good,<0 EUR,unknown / no savings account,7413.29
no checking account,21,existing credits paid duly till now,car (new),2782,500-1000 DM,4-7 years,1,female : divorced/separated/married,none,2,car or other (not in attribute 6),31,bank,own,1,management / self-employed / highly qualified,1,none,yes,1,good,no checking account,437-875 EUR,2434.63
0-200 DM,18,existing credits paid duly till now,car (new),1042,unknown / no savings account,1-4 years,4,female : divorced/separated/married,none,2,building society savings / life insurance,33,none,own,1,skilled employee / official,1,none,yes,2,bad,0-175 EUR,unknown / no savings account,911.89
no checking account,15,existing credits paid duly till now,car (new),3186,>=1000 DM,4-7 years,2,female : divorced/separated/married,none,3,car or other (not in attribute 6),20,none,rent,1,skilled employee / official,1,none,yes,1,good,no checking account,>=875 EUR,2788.19
0-200 DM,12,existing credits paid duly till now,car (used),2028,unknown / no savings account,1-4 years,4,male : single,none,2,car or other (not in attribute 6),30,none,own,1,skilled employee / official,1,none,yes,1,good,0-175 EUR,unknown / no savings account,1774.78
0-200 DM,12,critical account / other credits,car (new),958,<100 DM,4-7 years,2,male : single,none,3,real estate,47,none,own,2,unskilled resident,2,none,yes,1,good,0-175 EUR,<87 EUR,838.38
no checking account,21,delay in paying off in the past,furniture/equipment,1591,100-500 DM,4-7 years,4,male : single,none,3,real estate,34,none,own,2,management / self-employed / highly qualified,1,none,yes,1,good,no checking account,87-437 EUR,1392.34
0-200 DM,12,existing credits paid duly till now,furniture/equipment,2762,unknown / no savings account,>=7 years,1,female : divorced/separated/married,none,2,building society savings / life insurance,25,bank,own,1,skilled employee / official,1,"yes, registered under customer name",yes,2,bad,0-175 EUR,unknown / no savings account,2417.13
0-200 DM,18,existing credits paid duly till now,car (used),2779,<100 DM,1-4 years,1,male : married/widowed,none,3,car or other (not in attribute 6),21,none,rent,1,skilled employee / official,1,"yes, registered under customer name",yes,1,good,0-175 EUR,<87 EUR,2432.01
no checking account,28,critical account / other credits,radio/television,2743,<100 DM,>=7 years,4,male : single,none,2,car or other (not in attribute 6),29,none,own,2,skilled employee / official,1,none,yes,1,good,no checking account,<87 EUR,2400.5
no checking account,18,critical account / other credits,radio/television,1149,>=1000 DM,1-4 years,4,male : single,none,3,real estate,46,none,own,2,skilled employee / official,1,none,yes,1,good,no checking account,>=875 EUR,1005.53
no checking account,9,existing credits paid duly till now,furniture/equipment,1313,<100 DM,>=7 years,1,male : single,none,4,car or other (not in attribute 6),20,none,own,1,skilled employee / official,1,none,yes,1,good,no checking account,<87 EUR,1149.06
<0 DM,18,critical account / other credits,repairs,1190,<100 DM,unemployed,2,female : divorced/separated/married,none,4,unknown / no property,55,none,for free,3,unemployed / unskilled non-resident,2,none,yes,2,bad,<0 EUR,<87 EUR,1041.41
no checking account,5,existing credits paid duly till now,business,3448,<100 DM,4-7 years,1,male : single,none,4,real estate,74,none,own,1,unskilled resident,1,none,yes,1,good,no checking account,<87 EUR,3017.48
0-200 DM,24,existing credits paid duly till now,others,11328,<100 DM,1-4 years,2,male : single,co-applicant,3,car or other (not in attribute 6),29,bank,own,2,management / self-employed / highly qualified,1,"yes, registered under customer name",yes,2,bad,0-175 EUR,<87 EUR,9913.56
<0 DM,6,critical account / other credits,furniture/equipment,1872,<100 DM,unemployed,4,male : single,none,4,unknown / no property,36,none,for free,3,management / self-employed / highly qualified,1,"yes, registered under customer name",yes,1,good,<0 EUR,<87 EUR,1638.26
no checking account,24,critical account / other credits,repairs,2058,<100 DM,1-4 years,4,male : divorced/separated,none,2,real estate,33,none,own,2,skilled employee / official,1,"yes, registered under customer name",yes,1,good,no checking account,<87 EUR,1801.03
<0 DM,9,existing credits paid duly till now,furniture/equipment,2136,<100 DM,1-4 years,3,male : single,none,2,real estate,25,none,own,1,skilled employee / official,1,none,yes,1,good,<0 EUR,<87 EUR,1869.29
0-200 DM,12,existing credits paid duly till now,radio/television,1484,unknown / no savings account,1-4 years,2,male : married/widowed,none,1,real estate,25,none,own,1,skilled employee / official,1,"yes, registered under customer name",yes,2,bad,0-175 EUR,unknown / no savings account,1298.7
no checking account,6,existing credits paid duly till now,repairs,660,500-1000 DM,4-7 years,2,male : married/widowed,none,4,real estate,23,none,rent,1,unskilled resident,1,none,yes,1,good,no checking account,437-875 EUR,577.59
no checking account,24,critical account / other credits,car (new),1287,>=1000 DM,>=7 years,4,female : divorced/separated/married,none,4,real estate,37,none,own,2,skilled employee / official,1,"yes, registered under customer name",yes,1,good,no checking account,>=875 EUR,1126.3
<0 DM,42,critical account / other credits,repairs,3394,<100 DM,unemployed,4,male : single,co-applicant,4,car or other (not in attribute 6),65,none,own,2,unemployed / unskilled non-resident,1,none,yes,1,good,<0 EUR,<87 EUR,2970.22
>=200 DM / salary assignments,12,all credits at this bank paid duly,business,609,<100 DM,<1 year,4,female : divorced/separated/married,none,1,real estate,26,none,own,1,unemployed / unskilled non-resident,1,none,yes,2,bad,>=175 EUR / salary assignments,<87 EUR,532.96
no checking account,12,existing credits paid duly till now,car (new),1884,<100 DM,>=7 years,4,male : single,none,4,car or other (not in attribute 6),39,none,own,1,management / self-employed / highly qualified,1,"yes, registered under customer name",yes,1,good,no checking account,<87 EUR,1648.76
<0 DM,12,existing credits paid duly till now,furniture/equipment,1620,<100 DM,1-4 years,2,female : divorced/separated/married,co-applicant,3,building society savings / life insurance,30,none,own,1,skilled employee / official,1,none,yes,1,good,<0 EUR,<87 EUR,1417.72
0-200 DM,20,delay in paying off in the past,others,2629,<100 DM,1-4 years,2,male : single,none,3,car or other (not in attribute 6),29,bank,own,2,skilled employee / official,1,"yes, registered under customer name",yes,1,good,0-175 EUR,<87 EUR,2300.74
no checking account,12,existing credits paid duly till now,education,719,<100 DM,>=7 years,4,male : single,none,4,car or other (not in attribute 6),41,bank,own,1,unskilled resident,2,none,yes,2,bad,no checking account,<87 EUR,629.22
0-200 DM,48,critical account / other credits,furniture/equipment,5096,<100 DM,1-4 years,2,female : divorced/separated/married,none,3,car or other (not in attribute 6),30,none,own,1,management / self-employed / highly qualified,1,"yes, registered under customer name",yes,2,bad,0-175 EUR,<87 EUR,4459.7
no checking account,9,critical account / other credits,education,1244,unknown / no savings account,>=7 years,4,female : divorced/separated/married,none,4,building society savings / life insurance,41,none,rent,2,unskilled resident,1,none,yes,1,good,no checking account,unknown / no savings account,1088.67
<0 DM,36,existing credits paid duly till now,car (new),1842,<100 DM,<1 year,4,female : divorced/separated/married,none,4,car or other (not in attribute 6),34,none,own,1,skilled employee / official,1,"yes, registered under customer name",yes,2,bad,<0 EUR,<87 EUR,1612.0
0-200 DM,7,existing credits paid duly till now,radio/television,2576,<100 DM,1-4 years,2,male : single,guarantor,2,real estate,35,none,own,1,skilled employee / official,1,none,yes,1,good,0-175 EUR,<87 EUR,2254.36
>=200 DM / salary assignments,12,existing credits paid duly till now,furniture/equipment,1424,unknown / no savings account,>=7 years,3,female : divorced/separated/married,none,4,real estate,55,none,own,1,management / self-employed / highly qualified,1,"yes, registered under customer name",yes,1,good,>=175 EUR / salary assignments,unknown / no savings account,1246.2
0-200 DM,15,delay in paying off in the past,repairs,1512,>=1000 DM,1-4 years,3,male : married/widowed,none,3,building society savings / life insurance,61,stores,own,2,skilled employee / official,1,none,yes,2,bad,0-175 EUR,>=875 EUR,1323.21
no checking account,36,critical account / other credits,car (used),11054,unknown / no savings account,1-4 years,4,male : single,none,2,car or other (not in attribute 6),30,none,own,1,management / self-employed / highly qualified,1,"yes, registered under customer name",yes,1,good,no checking account,unknown / no savings account,9673.78
no checking account,6,existing credits paid duly till now,radio/television,518,<100 DM,1-4 years,3,female : divorced/separated/married,none,1,real estate,29,none,own,1,skilled employee / official,1,none,yes,1,good,no checking account,<87 EUR,453.32
no checking account,12,no credits taken / all paid duly,furniture/equipment,2759,<100 DM,>=7 years,2,male : single,none,4,building society savings / life insurance,34,none,own,2,skilled employee / official,1,none,yes,1,good,no checking account,<87 EUR,2414.51
no checking account,24,existing credits paid duly till now,car (used),2670,<100 DM,>=7 years,4,male : single,none,4,car or other (not in attribute 6),35,none,own,1,management / self-employed / highly qualified,1,"yes, registered under customer name",yes,1,good,no checking account,<87 EUR,2336.62
<0 DM,24,existing credits paid duly till now,car (new),4817,<100 DM,4-7 years,2,male : single,co-applicant,3,building society savings / life insurance,31,none,own,1,skilled employee / official,1,"yes, registered under customer name",yes,2,bad,<0 EUR,<87 EUR,4215.54
no checking account,24,existing credits paid duly till now,car (used),2679,<100 DM,<1 year,4,female : divorced/separated/married,none,1,unknown / no property,29,none,own,1,management / self-employed / highly qualified,1,"yes, registered under customer name",yes,1,good,no checking account,<87 EUR,2344.49
<0 DM,11,critical account / other credits,car (new),3905,<100 DM,1-4 years,2,male : single,none,2,real estate,36,none,rent,2,skilled employee / official,2,none,yes,1,good,<0 EUR,<87 EUR,3417.41
<0 DM,12,existing credits paid duly till now,car (used),3386,<100 DM,>=7 years,3,male : single,none,4,unknown / no property,35,none,for free,1,skilled employee / official,1,"yes, registered under customer name",yes,2,bad,<0 EUR,<87 EUR,2963.22
<0 DM,6,existing credits paid duly till now,domestic appliances,343,<100 DM,<1 year,4,female : divorced/separated/married,none,1,real estate,27,none,own,1,skilled employee / official,1,none,yes,1,good,<0 EUR,<87 EUR,300.17
no checking account,18,existing credits paid duly till now,radio/television,4594,<100 DM,<1 year,3,male : single,none,2,car or other (not in attribute 6),32,none,own,1,skilled employee / official,1,"yes, registered under customer name",yes,1,good,no checking account,<87 EUR,4020.38
<0 DM,36,existing credits paid duly till now,furniture/equipment,3620,<100 DM,1-4 years,1,male : single,guarantor,2,building society savings / life insurance,37,none,own,1,skilled employee / official,2,none,yes,1,good,<0 EUR,<87 EUR,3168.0
<0 DM,15,existing credits paid duly till now,car (new),1721,<100 DM,<1 year,2,male : single,none,3,real estate,36,none,own,1,skilled employee / official,1,none,yes,1,good,<0 EUR,<87 EUR,1506.11
0-200 DM,12,existing credits paid duly till now,furniture/equipment,3017,<100 DM,<1 year,3,female : divorced/separated/married,none,1,real estate,34,none,rent,1,management / self-employed / highly qualified,1,none,yes,1,good,0-175 EUR,<87 EUR,2640.29
0-200 DM,12,existing credits paid duly till now,retraining,754,unknown / no savings account,>=7 years,4,male : single,none,4,building society savings / life insurance,38,none,own,2,skilled employee / official,1,none,yes,1,good,0-175 EUR,unknown / no savings account,659.85
no checking account,18,existing credits paid duly till now,business,1950,<100 DM,4-7 years,4,male : single,none,1,car or other (not in attribute 6),34,stores,own,2,skilled employee / official,1,"yes, registered under customer name",yes,1,good,no checking account,<87 EUR,1706.52
<0 DM,24,existing credits paid duly till now,car (used),2924,<100 DM,1-4 years,3,male : single,guarantor,4,unknown / no property,63,bank,own,1,skilled employee / official,2,"yes, registered under customer name",yes,1,good,<0 EUR,<87 EUR,2558.9
<0 DM,24,delay in paying off in the past,radio/television,1659,<100 DM,<1 year,4,female : divorced/separated/married,none,2,car or other (not in attribute 6),29,none,rent,1,unskilled resident,1,"yes, registered under customer name",yes,2,bad,<0 EUR,<87 EUR,1451.85
no checking account,48,delay in paying off in the past,radio/television,7238,unknown / no savings account,>=7 years,3,male : single,none,3,car or other (not in attribute 6),32,bank,own,2,skilled employee / official,2,none,yes,1,good,no checking account,unknown / no savings account,6334.25
no checking account,33,delay in paying off in the past,business,2764,<100 DM,1-4 years,2,female : divorced/separated/married,none,2,car or other (not in attribute 6),26,none,own,2,skilled employee / official,1,"yes, registered under customer name",yes,1,good,no checking account,<87 EUR,2418.88
no checking account,24,delay in paying off in the past,car (used),4679,<100 DM,4-7 years,3,male : single,none,3,car or other (not in attribute 6),35,none,own,2,unskilled resident,1,"yes, registered under customer name",yes,1,good,no checking account,<87 EUR,4094.77
0-200 DM,24,existing credits paid duly till now,radio/television,3092,100-500 DM,<1 year,3,male : married/widowed,none,2,car or other (not in attribute 6),22,none,rent,1,skilled employee / official,1,"yes, registered under customer name",yes,2,bad,0-175 EUR,87-437 EUR,2705.93
<0 DM,6,existing credits paid duly till now,education,448,<100 DM,<1 year,4,female : divorced/separated/married,none,4,building society savings / life insurance,23,none,own,1,skilled employee / official,1,none,yes,2,bad,<0 EUR,<87 EUR,392.06
<0 DM,9,existing credits paid duly till now,car (new),654,<100 DM,1-4 years,4,male : single,none,3,car or other (not in attribute 6),28,none,own,1,unskilled resident,1,none,yes,2,bad,<0 EUR,<87 EUR,572.34
no checking account,6,existing credits paid duly till now,retraining,1238,unknown / no savings account,unemployed,4,male : single,none,4,building society savings / life insurance,36,none,own,1,management / self-employed / highly qualified,2,"yes, registered under customer name",yes,1,good,no checking account,unknown / no savings account,1083.42
0-200 DM,18,critical account / other credits,radio/television,1245,<100 DM,1-4 years,4,male : married/widowed,none,2,car or other (not in attribute 6),33,none,own,1,skilled employee / official,1,none,yes,2,bad,0-175 EUR,<87 EUR,1089.55
<0 DM,18,no credits taken / all paid duly,furniture/equipment,3114,<100 DM,<1 year,1,female : divorced/separated/married,none,4,building society savings / life insurance,26,none,rent,1,skilled employee / official,1,none,yes,2,bad,<0 EUR,<87 EUR,2725.18
no checking account,39,existing credits paid duly till now,car (used),2569,500-1000 DM,1-4 years,4,male : single,none,4,car or other (not in attribute 6),24,none,own,1,skilled employee / official,1,none,yes,1,good,no checking account,437-875 EUR,2248.23
>=200 DM / salary assignments,24,existing credits paid duly till now,radio/television,5152,<100 DM,4-7 years,4,male : single,none,2,car or other (not in attribute 6),25,bank,own,1,skilled employee / official,1,none,yes,1,good,>=175 EUR / salary assignments,<87 EUR,4508.71
0-200 DM,12,existing credits paid duly till now,business,1037,100-500 DM,4-7 years,3,male : single,none,4,real estate,39,none,own,1,unskilled resident,1,none,yes,1,good,0-175 EUR,87-437 EUR,907.52
<0 DM,15,critical account / other credits,furniture/equipment,1478,<100 DM,>=7 years,4,male : single,none,4,car or other (not in attribute 6),44,none,own,2,skilled employee / official,2,"yes, registered under customer name",yes,1,good,<0 EUR,<87 EUR,1293.45
0-200 DM,12,critical account / other credits,radio/television,3573,<100 DM,1-4 years,1,female : divorced/separated/married,none,1,real estate,23,none,own,1,unskilled resident,1,none,yes,1,good,0-175 EUR,<87 EUR,3126.87
0-200 DM,24,existing credits paid duly till now,car (new),1201,<100 DM,<1 year,4,male : single,none,1,building society savings / life insurance,26,none,own,1,skilled employee / official,1,none,yes,1,good,0-175 EUR,<87 EUR,1051.04
<0 DM,30,existing credits paid duly till now,furniture/equipment,3622,>=1000 DM,>=7 years,4,female : divorced/separated/married,none,4,building society savings / life insurance,57,none,rent,2,skilled employee / official,1,"yes, registered under customer name",yes,1,good,<0 EUR,>=875 EUR,3169.75
no checking account,15,delay in paying off in the past,furniture/equipment,960,>=1000 DM,4-7 years,3,female : divorced/separated/married,none,2,building society savings / life insurance,30,none,own,2,skilled employee / official,1,none,yes,1,good,no checking account,>=875 EUR,840.13
no checking account,12,critical account / other credits,car (new),1163,500-1000 DM,1-4 years,4,male : single,none,4,real estate,44,none,own,1,skilled employee / official,1,"yes, registered under customer name",yes,1,good,no checking account,437-875 EUR,1017.79
0-200 DM,6,delay in paying off in the past,car (new),1209,<100 DM,unemployed,4,male : single,none,4,building society savings / life insurance,47,none,own,1,management / self-employed / highly qualified,1,"yes, registered under customer name",yes,2,bad,0-175 EUR,<87 EUR,1058.04
no checking account,12,existing credits paid duly till now,radio/television,3077,<100 DM,1-4 years,2,male : single,none,4,car or other (not in attribute 6),52,none,own,1,skilled employee / official,1,"yes, registered under customer name",yes,1,good,no checking account,<87 EUR,2692.8
no checking account,24,existing credits paid duly till now,car (new),3757,<100 DM,>=7 years,4,female : divorced/separated/married,co-applicant,4,unknown / no property,62,none,for free,1,skilled employee / official,1,"yes, registered under customer name",yes,1,good,no checking account,<87 EUR,3287.89
no checking account,10,existing credits paid duly till now,car (new),1418,100-500 DM,1-4 years,3,male : single,none,2,real estate,35,none,rent,1,unskilled resident,1,none,no,1,good,no checking account,87-437 EUR,1240.95
no checking account,6,existing credits paid duly till now,car (new),3518,<100 DM,1-4 years,2,male : single,guarantor,3,building society savings / life insurance,26,none,rent,1,skilled employee / official,1,none,yes,1,good,no checking account,<87 EUR,3078.74
no checking account,12,critical account / other credits,radio/television,1934,<100 DM,>=7 years,2,male : single,none,2,unknown / no property,26,none,own,2,skilled employee / official,1,none,yes,1,good,no checking account,<87 EUR,1692.52
0-200 DM,27,no credits taken / all paid duly,business,8318,<100 DM,>=7 years,2,female : divorced/separated/married,none,4,unknown / no property,42,none,for free,2,management / self-employed / highly qualified,1,"yes, registered under customer name",yes,2,bad,0-175 EUR,<87 EUR,7279.4
no checking account,6,critical account / other credits,radio/television,1237,100-500 DM,1-4 years,1,female : divorced/separated/married,none,1,building society savings / life insurance,27,none,own,2,skilled employee / official,1,none,yes,1,good,no checking account,87-437 EUR,1082.55
0-200 DM,6,existing credits paid duly till now,radio/television,368,unknown / no savings account,>=7 years,4,male : single,none,4,building society savings / life insurance,38,none,own,1,skilled employee / official,1,none,yes,1,good,0-175 EUR,unknown / no savings account,322.05
<0 DM,12,critical account / other credits,car (new),2122,<100 DM,1-4 years,3,male : single,none,2,real estate,39,none,rent,2,unskilled resident,2,none,no,1,good,<0 EUR,<87 EUR,1857.04
<0 DM,24,existing credits paid duly till now,furniture/equipment,2996,unknown / no savings account,1-4 years,2,male : married/widowed,none,4,car or other (not in attribute 6),20,none,own,1,skilled employee / official,1,none,yes,2,bad,<0 EUR,unknown / no savings account,2621.91
0-200 DM,36,existing credits paid duly till now,furniture/equipment,9034,100-500 DM,<1 year,4,male : single,co-applicant,1,unknown / no property,29,none,rent,1,management / self-employed / highly qualified,1,"yes, registered under customer name",yes,2,bad,0-175 EUR,87-437 EUR,7906.0
no checking account,24,critical account / other credits,furniture/equipment,1585,<100 DM,4-7 years,4,male : single,none,3,building society savings / life insurance,40,none,own,2,skilled employee / official,1,none,yes,1,good,no checking account,<87 EUR,1387.09
0-200 DM,18,existing credits paid duly till now,radio/television,1301,<100 DM,>=7 years,4,male : married/widowed,guarantor,2,real estate,32,none,own,1,unskilled resident,1,none,yes,1,good,0-175 EUR,<87 EUR,1138.55
>=200 DM / salary assignments,6,critical account / other credits,car (new),1323,100-500 DM,>=7 years,2,male : divorced/separated,none,4,car or other (not in attribute 6),28,none,own,2,skilled employee / official,2,"yes, registered under customer name",yes,1,good,>=175 EUR / salary assignments,87-437 EUR,1157.81
<0 DM,24,existing credits paid duly till now,car (new),3123,<100 DM,<1 year,4,female : divorced/separated/married,none,1,building society savings / life insurance,27,none,own,1,skilled employee / official,1,none,yes,2,bad,<0 EUR,<87 EUR,2733.06
<0 DM,36,existing credits paid duly till now,car (used),5493,<100 DM,>=7 years,2,male : single,none,4,unknown / no property,42,none,for free,1,skilled employee / official,2,none,yes,1,good,<0 EUR,<87 EUR,4807.13
>=200 DM / salary assignments,9,existing credits paid duly till now,radio/television,1126,100-500 DM,>=7 years,2,male : divorced/separated,none,4,real estate,49,none,own,1,skilled employee / official,1,none,yes,1,good,>=175 EUR / salary assignments,87-437 EUR,985.41
0-200 DM,24,critical account / other credits,radio/television,1216,100-500 DM,<1 year,4,male : single,none,4,unknown / no property,38,bank,own,2,skilled employee / official,2,none,yes,2,bad,0-175 EUR,87-437 EUR,1064.17
<0 DM,24,existing credits paid duly till now,car (new),1207,<100 DM,<1 year,4,female : divorced/separated/married,none,4,building society savings / life insurance,24,none,rent,1,skilled employee / official,1,none,yes,2,bad,<0 EUR,<87 EUR,1056.29
no checking account,10,existing credits paid duly till now,car (new),1309,unknown / no savings account,1-4 years,4,male : single,guarantor,4,building society savings / life insurance,27,none,own,1,unskilled resident,1,none,yes,2,bad,no checking account,unknown / no savings account,1145.56
>=200 DM / salary assignments,15,critical account / other credits,car (used),2360,500-1000 DM,1-4 years,2,male : single,none,2,car or other (not in attribute 6),36,none,own,1,skilled employee / official,1,"yes, registered under customer name",yes,1,good,>=175 EUR / salary assignments,437-875 EUR,2065.33
0-200 DM,15,all credits at this bank paid duly,car (new),6850,100-500 DM,unemployed,1,male : single,none,2,building society savings / life insurance,34,none,own,1,management / self-employed / highly qualified,2,"yes, registered under customer name",yes,2,bad,0-175 EUR,87-437 EUR,5994.7
no checking account,24,existing credits paid duly till now,radio/television,1413,<100 DM,1-4 years,4,male : married/widowed,none,2,building society savings / life insurance,28,none,own,1,skilled employee / official,1,none,yes,1,good,no checking account,<87 EUR,1236.57
no checking account,39,existing credits paid duly till now,car (used),8588,100-500 DM,>=7 years,4,male : single,none,2,car or other (not in attribute 6),45,none,own,1,management / self-employed / highly qualified,1,"yes, registered under customer name",yes,1,good,no checking account,87-437 EUR,7515.69
<0 DM,12,existing credits paid duly till now,car (new),759,<100 DM,4-7 years,4,male : single,none,2,real estate,26,none,own,1,skilled employee / official,1,none,yes,2,bad,<0 EUR,<87 EUR,664.23
no checking account,36,existing credits paid duly till now,car (used),4686,<100 DM,1-4 years,2,male : single,none,2,unknown / no property,32,none,for free,1,management / self-employed / highly qualified,1,"yes, registered under customer name",yes,1,good,no checking account,<87 EUR,4100.9
>=200 DM / salary assignments,15,existing credits paid duly till now,business,2687,<100 DM,4-7 years,2,male : single,none,4,building society savings / life insurance,26,none,rent,1,skilled employee / official,1,"yes, registered under customer name",yes,1,good,>=175 EUR / salary assignments,<87 EUR,2351.5
0-200 DM,12,delay in paying off in the past,radio/television,585,<100 DM,1-4 years,4,male : married/widowed,co-applicant,4,real estate,20,none,rent,2,skilled employee / official,1,none,yes,1,good,0-175 EUR,<87 EUR,511.96
no checking account,24,existing credits paid duly till now,car (new),2255,unknown / no savings account,<1 year,4,male : single,none,1,building society savings / life insurance,54,none,own,1,skilled employee / official,1,none,yes,1,good,no checking account,unknown / no savings account,1973.44
<0 DM,6,critical account / other credits,car (new),609,<100 DM,4-7 years,4,female : divorced/separated/married,none,3,building society savings / life insurance,37,none,own,2,skilled employee / official,1,none,no,1,good,<0 EUR,<87 EUR,532.96
<0 DM,6,critical account / other credits,car (new),1361,<100 DM,<1 year,2,male : single,none,4,real estate,40,none,own,1,unskilled resident,2,none,no,1,good,<0 EUR,<87 EUR,1191.06
no checking account,36,critical account / other credits,furniture/equipment,7127,<100 DM,<1 year,2,female : divorced/separated/married,none,4,building society savings / life insurance,23,none,rent,2,skilled employee / official,1,"yes, registered under customer name",yes,2,bad,no checking account,<87 EUR,6237.11
<0 DM,6,existing credits paid duly till now,car (new),1203,100-500 DM,>=7 years,3,male : single,none,2,building society savings / life insurance,43,none,own,1,skilled employee / official,1,"yes, registered under customer name",yes,1,good,<0 EUR,87-437 EUR,1052.79
no checking account,6,critical account / other credits,radio/television,700,unknown / no savings account,>=7 years,4,male : single,none,4,unknown / no property,36,none,for free,2,skilled employee / official,1,none,yes,1,good,no checking account,unknown / no savings account,612.6
no checking account,24,critical account / other credits,repairs,5507,<100 DM,>=7 years,3,male : single,none,4,unknown / no property,44,none,for free,2,skilled employee / official,1,none,yes,1,good,no checking account,<87 EUR,4819.39
<0 DM,18,existing credits paid duly till now,radio/television,3190,<100 DM,1-4 years,2,female : divorced/separated/married,none,2,real estate,24,none,own,1,skilled employee / official,1,none,yes,2,bad,<0 EUR,<87 EUR,2791.69
<0 DM,48,no credits taken / all paid duly,furniture/equipment,7119,<100 DM,1-4 years,3,male : single,none,4,unknown / no property,53,none,for free,2,skilled employee / official,2,none,yes,2,bad,<0 EUR,<87 EUR,6230.11
no checking account,24,existing credits paid duly till now,car (used),3488,100-500 DM,4-7 years,3,female : divorced/separated/married,none,4,car or other (not in attribute 6),23,none,own,1,skilled employee / official,1,none,yes,1,good,no checking account,87-437 EUR,3052.48
0-200 DM,18,existing credits paid duly till now,radio/television,1113,<100 DM,1-4 years,4,female : divorced/separated/married,guarantor,4,real estate,26,none,own,1,unskilled resident,2,none,yes,1,good,0-175 EUR,<87 EUR,974.03
0-200 DM,26,existing credits paid duly till now,car (used),7966,<100 DM,<1 year,2,male : single,none,3,car or other (not in attribute 6),30,none,own,2,skilled employee / official,1,none,yes,1,good,0-175 EUR,<87 EUR,6971.35
no checking account,15,critical account / other credits,education,1532,100-500 DM,1-4 years,4,female : divorced/separated/married,none,3,car or other (not in attribute 6),31,none,own,1,skilled employee / official,1,none,yes,1,good,no checking account,87-437 EUR,1340.71
no checking account,4,critical account / other credits,radio/television,1503,<100 DM,4-7 years,2,male : single,none,1,real estate,42,none,own,2,unskilled resident,2,none,yes,1,good,no checking account,<87 EUR,1315.33
<0 DM,36,existing credits paid duly till now,radio/television,2302,<100 DM,1-4 years,4,male : divorced/separated,none,4,car or other (not in attribute 6),31,none,rent,1,skilled employee / official,1,none,yes,2,bad,<0 EUR,<87 EUR,2014.57
<0 DM,6,existing credits paid duly till now,car (new),662,<100 DM,<1 year,3,male : single,none,4,real estate,41,none,own,1,unskilled resident,2,"yes, registered under customer name",yes,1,good,<0 EUR,<87 EUR,579.34
0-200 DM,36,existing credits paid duly till now,education,2273,<100 DM,4-7 years,3,male : single,none,1,car or other (not in attribute 6),32,none,own,2,skilled employee / official,2,none,yes,1,good,0-175 EUR,<87 EUR,1989.19
0-200 DM,15,existing credits paid duly till now,car (new),2631,100-500 DM,1-4 years,2,female : divorced/separated/married,none,4,car or other (not in attribute 6),28,none,rent,2,skilled employee / official,1,"yes, registered under customer name",yes,2,bad,0-175 EUR,87-437 EUR,2302.49
no checking account,12,delay in paying off in the past,car (used),1503,<100 DM,1-4 years,4,male : married/widowed,none,4,real estate,41,none,rent,1,skilled employee / official,1,none,yes,1,good,no checking account,<87 EUR,1315.33
no checking account,24,existing credits paid duly till now,radio/television,1311,100-500 DM,4-7 years,4,male : married/widowed,none,3,building society savings / life insurance,26,none,own,1,skilled employee / official,1,"yes, registered under customer name",yes,1,good,no checking account,87-437 EUR,1147.31
no checking account,24,existing credits paid duly till now,radio/television,3105,unknown / no savings account,<1 year,4,male : single,none,2,car or other (not in attribute 6),25,none,own,2,skilled employee / official,1,none,yes,1,good,no checking account,unknown / no savings account,2717.3
>=200 DM / salary assignments,21,critical account / other credits,education,2319,<100 DM,<1 year,2,male : divorced/separated,none,1,car or other (not in attribute 6),33,none,rent,1,skilled employee / official,1,none,yes,2,bad,>=175 EUR / salary assignments,<87 EUR,2029.45
<0 DM,6,existing credits paid duly till now,car (new),1374,unknown / no savings account,unemployed,4,female : divorced/separated/married,none,3,building society savings / life insurance,75,none,own,1,management / self-employed / highly qualified,1,"yes, registered under customer name",yes,1,good,<0 EUR,unknown / no savings account,1202.44
0-200 DM,18,critical account / other credits,furniture/equipment,3612,<100 DM,>=7 years,3,female : divorced/separated/married,none,4,building society savings / life insurance,37,none,own,1,skilled employee / official,1,"yes, registered under customer name",yes,1,good,0-175 EUR,<87 EUR,3161.0
<0 DM,48,existing credits paid duly till now,car (new),7763,<100 DM,>=7 years,4,male : single,none,4,unknown / no property,42,bank,for free,1,management / self-employed / highly qualified,1,none,yes,2,bad,<0 EUR,<87 EUR,6793.7
>=200 DM / salary assignments,18,existing credits paid duly till now,furniture/equipment,3049,<100 DM,<1 year,1,female : divorced/separated/married,none,1,building society savings / life insurance,45,stores,own,1,unskilled resident,1,none,yes,1,good,>=175 EUR / salary assignments,<87 EUR,2668.3
0-200 DM,12,existing credits paid duly till now,radio/television,1534,<100 DM,<1 year,1,male : married/widowed,none,1,real estate,23,none,rent,1,skilled employee / official,1,none,yes,2,bad,0-175 EUR,<87 EUR,1342.46
no checking account,24,delay in paying off in the past,car (new),2032,<100 DM,>=7 years,4,male : single,none,4,unknown / no property,60,none,for free,2,skilled employee / official,1,"yes, registered under customer name",yes,1,good,no checking account,<87 EUR,1778.28
<0 DM,30,existing credits paid duly till now,furniture/equipment,6350,unknown / no savings account,>=7 years,4,male : single,none,4,building society savings / life insurance,31,none,own,1,skilled employee / official,1,none,yes,2,bad,<0 EUR,unknown / no savings account,5557.13
>=200 DM / salary assignments,18,existing credits paid duly till now,furniture/equipment,2864,<100 DM,1-4 years,2,male : single,none,1,real estate,34,none,own,1,unskilled resident,2,none,yes,2,bad,>=175 EUR / salary assignments,<87 EUR,2506.4
no checking account,12,critical account / other credits,car (new),1255,<100 DM,>=7 years,4,male : single,none,4,real estate,61,none,own,2,unskilled resident,1,none,yes,1,good,no checking account,<87 EUR,1098.3
<0 DM,24,delay in paying off in the past,car (new),1333,<100 DM,unemployed,4,male : single,none,2,real estate,43,none,for free,2,skilled employee / official,2,none,yes,2,bad,<0 EUR,<87 EUR,1166.56
no checking account,24,critical account / other credits,car (new),2022,<100 DM,1-4 years,4,female : divorced/separated/married,none,4,car or other (not in attribute 6),37,none,own,1,skilled employee / official,1,"yes, registered under customer name",yes,1,good,no checking account,<87 EUR,1769.53
no checking account,24,existing credits paid duly till now,radio/television,1552,<100 DM,4-7 years,3,male : single,none,1,car or other (not in attribute 6),32,bank,own,1,skilled employee / official,2,none,yes,1,good,no checking account,<87 EUR,1358.21
<0 DM,12,all credits at this bank paid duly,radio/television,626,<100 DM,1-4 years,4,female : divorced/separated/married,none,4,real estate,24,bank,own,1,unskilled resident,1,none,yes,2,bad,<0 EUR,<87 EUR,547.84
no checking account,48,critical account / other credits,car (used),8858,unknown / no savings account,4-7 years,2,male : single,none,1,unknown / no property,35,none,for free,2,skilled employee / official,1,"yes, registered under customer name",yes,1,good,no checking account,unknown / no savings account,7751.97
no checking account,12,critical account / other credits,repairs,996,unknown / no savings account,4-7 years,4,female : divorced/separated/married,none,4,real estate,23,none,own,2,skilled employee / official,1,none,yes,1,good,no checking account,unknown / no savings account,871.64
no checking account,6,all credits at this bank paid duly,radio/television,1750,500-1000 DM,>=7 years,2,male : single,none,4,building society savings / life insurance,45,bank,own,1,unskilled resident,2,none,yes,1,good,no checking account,437-875 EUR,1531.49
<0 DM,48,existing credits paid duly till now,radio/television,6999,<100 DM,4-7 years,1,male : married/widowed,guarantor,1,real estate,34,none,own,2,skilled employee / official,1,"yes, registered under customer name",yes,2,bad,<0 EUR,<87 EUR,6125.09
0-200 DM,12,critical account / other credits,car (new),1995,100-500 DM,<1 year,4,male : single,none,1,car or other (not in attribute 6),27,none,own,1,skilled employee / official,1,none,yes,1,good,0-175 EUR,87-437 EUR,1745.9
0-200 DM,9,existing credits paid duly till now,education,1199,<100 DM,4-7 years,4,female : divorced/separated/married,none,4,building society savings / life insurance,67,none,own,2,management / self-employed / highly qualified,1,"yes, registered under customer name",yes,1,good,0-175 EUR,<87 EUR,1049.29
0-200 DM,12,existing credits paid duly till now,radio/television,1331,<100 DM,<1 year,2,male : single,none,1,car or other (not in attribute 6),22,stores,own,1,skilled employee / official,1,none,yes,2,bad,0-175 EUR,<87 EUR,1164.81
0-200 DM,18,no credits taken / all paid duly,car (new),2278,100-500 DM,<1 year,3,female : divorced/separated/married,none,3,car or other (not in attribute 6),28,none,own,2,skilled employee / official,1,none,yes,2,bad,0-175 EUR,87-437 EUR,1993.56
no checking account,21,no credits taken / all paid duly,car (new),5003,unknown / no savings account,1-4 years,1,female : divorced/separated/married,none,4,building society savings / life insurance,29,bank,own,2,skilled employee / official,1,"yes, registered under customer name",yes,2,bad,no checking account,unknown / no savings account,4378.32
<0 DM,24,all credits at this bank paid duly,furniture/equipment,3552,<100 DM,4-7 years,3,male : single,none,4,car or other (not in attribute 6),27,bank,own,1,skilled employee / official,1,none,yes,2,bad,<0 EUR,<87 EUR,3108.49
0-200 DM,18,critical account / other credits,furniture/equipment,1928,<100 DM,<1 year,2,male : single,none,2,real estate,31,none,own,2,unskilled resident,1,none,yes,2,bad,0-175 EUR,<87 EUR,1687.27
<0 DM,24,existing credits paid duly till now,car (used),2964,unknown / no savings account,>=7 years,4,male : single,none,4,unknown / no property,49,bank,for free,1,skilled employee / official,2,"yes, registered under customer name",yes,1,good,<0 EUR,unknown / no savings account,2593.91
<0 DM,24,all credits at this bank paid duly,radio/television,1546,<100 DM,4-7 years,4,male : single,guarantor,4,car or other (not in attribute 6),24,bank,rent,1,unskilled resident,1,none,yes,2,bad,<0 EUR,<87 EUR,1352.96
>=200 DM / salary assignments,6,delay in paying off in the past,radio/television,683,<100 DM,<1 year,2,female : divorced/separated/married,none,1,building society savings / life insurance,29,bank,own,1,skilled employee / official,1,none,yes,1,good,>=175 EUR / salary assignments,<87 EUR,597.72
0-200 DM,36,existing credits paid duly till now,car (new),12389,unknown / no savings account,1-4 years,1,male : single,none,4,unknown / no property,37,none,for free,1,skilled employee / official,1,"yes, registered under customer name",yes,2,bad,0-175 EUR,unknown / no savings account,10842.09
0-200 DM,24,delay in paying off in the past,business,4712,unknown / no savings account,1-4 years,4,male : single,none,2,building society savings / life insurance,37,bank,own,2,management / self-employed / highly qualified,1,"yes, registered under customer name",yes,1,good,0-175 EUR,unknown / no savings account,4123.65
0-200 DM,24,delay in paying off in the past,radio/television,1553,100-500 DM,4-7 years,3,female : divorced/separated/married,none,2,building society savings / life insurance,23,none,rent,2,skilled employee / official,1,"yes, registered under customer name",yes,1,good,0-175 EUR,87-437 EUR,1359.09
<0 DM,12,existing credits paid duly till now,car (new),1372,<100 DM,4-7 years,2,male : divorced/separated,none,3,car or other (not in attribute 6),36,none,own,1,skilled employee / official,1,none,yes,2,bad,<0 EUR,<87 EUR,1200.69
no checking account,24,critical account / other credits,radio/television,2578,>=1000 DM,>=7 years,2,male : single,none,2,car or other (not in attribute 6),34,none,own,1,skilled employee / official,1,none,yes,1,good,no checking account,>=875 EUR,2256.11
0-200 DM,48,existing credits paid duly till now,radio/television,3979,unknown / no savings account,4-7 years,4,male : single,none,1,car or other (not in attribute 6),41,none,own,2,skilled employee / official,2,"yes, registered under customer name",yes,1,good,0-175 EUR,unknown / no savings account,3482.17
<0 DM,48,existing credits paid duly till now,radio/television,6758,<100 DM,1-4 years,3,female : divorced/separated/married,none,2,car or other (not in attribute 6),31,none,own,1,skilled employee / official,1,"yes, registered under customer name",yes,2,bad,<0 EUR,<87 EUR,5914.18
<0 DM,24,existing credits paid duly till now,furniture/equipment,3234,<100 DM,<1 year,4,female : divorced/separated/married,none,4,real estate,23,none,rent,1,unskilled resident,1,"yes, registered under customer name",yes,2,bad,<0 EUR,<87 EUR,2830.2
no checking account,30,critical account / other credits,radio/television,5954,<100 DM,4-7 years,3,male : single,co-applicant,2,car or other (not in attribute 6),38,none,own,1,skilled employee / official,1,none,yes,1,good,no checking account,<87 EUR,5210.57
no checking account,24,existing credits paid duly till now,car (used),5433,unknown / no savings account,unemployed,2,female : divorced/separated/married,none,4,building society savings / life insurance,26,none,rent,1,management / self-employed / highly qualified,1,"yes, registered under customer name",yes,1,good,no checking account,unknown / no savings account,4754.62
<0 DM,15,existing credits paid duly till now,business,806,<100 DM,1-4 years,4,female : divorced/separated/married,none,4,building society savings / life insurance,22,none,own,1,unskilled resident,1,none,yes,1,good,<0 EUR,<87 EUR,705.36
0-200 DM,9,existing credits paid duly till now,radio/television,1082,<100 DM,>=7 years,4,male : single,none,4,car or other (not in attribute 6),27,none,own,2,unskilled resident,1,none,yes,1,good,0-175 EUR,<87 EUR,946.9
no checking account,15,critical account / other credits,furniture/equipment,2788,<100 DM,4-7 years,2,female : divorced/separated/married,co-applicant,3,car or other (not in attribute 6),24,bank,own,2,skilled employee / official,1,none,yes,1,good,no checking account,<87 EUR,2439.88
0-200 DM,12,existing credits paid duly till now,radio/television,2930,<100 DM,4-7 years,2,female : divorced/separated/married,none,1,real estate,27,none,own,1,skilled employee / official,1,none,yes,1,good,0-175 EUR,<87 EUR,2564.15
no checking account,24,critical account / other credits,education,1927,unknown / no savings account,1-4 years,3,female : divorced/separated/married,none,2,car or other (not in attribute 6),33,none,own,2,skilled employee / official,1,"yes, registered under customer name",yes,1,good,no checking account,unknown / no savings account,1686.39
0-200 DM,36,critical account / other credits,car (new),2820,<100 DM,<1 year,4,male : divorced/separated,none,4,car or other (not in attribute 6),27,none,own,2,skilled employee / official,1,none,yes,2,bad,0-175 EUR,<87 EUR,2467.89
no checking account,24,existing credits paid duly till now,retraining,937,<100 DM,<1 year,4,male : married/widowed,none,3,car or other (not in attribute 6),27,none,own,2,unskilled resident,1,none,yes,1,good,no checking account,<87 EUR,820.0
0-200 DM,18,critical account / other credits,car (new),1056,<100 DM,>=7 years,3,male : single,guarantor,3,real estate,30,bank,own,2,skilled employee / official,1,none,yes,2,bad,0-175 EUR,<87 EUR,924.15
0-200 DM,12,critical account / other credits,car (new),3124,<100 DM,<1 year,1,male : single,none,3,real estate,49,bank,own,2,unskilled resident,2,none,yes,1,good,0-175 EUR,<87 EUR,2733.93
no checking account,9,existing credits paid duly till now,furniture/equipment,1388,<100 DM,1-4 years,4,female : divorced/separated/married,none,2,real estate,26,none,rent,1,skilled employee / official,1,none,yes,1,good,no checking account,<87 EUR,1214.69
0-200 DM,36,existing credits paid duly till now,repairs,2384,<100 DM,<1 year,4,male : single,none,1,unknown / no property,33,none,rent,1,unskilled resident,1,none,yes,2,bad,0-175 EUR,<87 EUR,2086.33
no checking account,12,existing credits paid duly till now,car (new),2133,unknown / no savings account,>=7 years,4,female : divorced/separated/married,none,4,unknown / no property,52,none,for free,1,management / self-employed / highly qualified,1,"yes, registered under customer name",yes,1,good,no checking account,unknown / no savings account,1866.67
<0 DM,18,existing credits paid duly till now,furniture/equipment,2039,<100 DM,1-4 years,1,female : divorced/separated/married,none,4,real estate,20,bank,rent,1,skilled employee / official,1,none,yes,2,bad,<0 EUR,<87 EUR,1784.41
<0 DM,9,critical account / other credits,car (new),2799,<100 DM,1-4 years,2,male : single,none,2,real estate,36,none,rent,2,skilled employee / official,2,none,yes,1,good,<0 EUR,<87 EUR,2449.51
<0 DM,12,existing credits paid duly till now,furniture/equipment,1289,<100 DM,1-4 years,4,male : single,guarantor,1,building society savings / life insurance,21,none,own,1,unskilled resident,1,none,yes,1,good,<0 EUR,<87 EUR,1128.05
<0 DM,18,existing credits paid duly till now,domestic appliances,1217,<100 DM,1-4 years,4,male : married/widowed,none,3,real estate,47,none,own,1,unskilled resident,1,"yes, registered under customer name",yes,2,bad,<0 EUR,<87 EUR,1065.04
<0 DM,12,critical account / other credits,furniture/equipment,2246,<100 DM,>=7 years,3,male : single,none,3,building society savings / life insurance,60,none,own,2,skilled employee / official,1,none,yes,2,bad,<0 EUR,<87 EUR,1965.56
<0 DM,12,critical account / other credits,radio/television,385,<100 DM,4-7 years,4,female : divorced/separated/married,none,3,real estate,58,none,own,4,unskilled resident,1,"yes, registered under customer name",yes,1,good,<0 EUR,<87 EUR,336.93
0-200 DM,24,delay in paying off in the past,car (new),1965,unknown / no savings account,1-4 years,4,female : divorced/separated/married,none,4,car or other (not in attribute 6),42,none,rent,2,skilled employee / official,1,"yes, registered under customer name",yes,1,good,0-175 EUR,unknown / no savings account,1719.65
no checking account,21,existing credits paid duly till now,business,1572,>=1000 DM,>=7 years,4,female : divorced/separated/married,none,4,real estate,36,bank,own,1,unskilled resident,1,none,yes,1,good,no checking account,>=875 EUR,1375.72
0-200 DM,24,existing credits paid duly till now,car (new),2718,<100 DM,1-4 years,3,female : divorced/separated/married,none,4,building society savings / life insurance,20,none,rent,1,unskilled resident,1,"yes, registered under customer name",yes,2,bad,0-175 EUR,<87 EUR,2378.63
<0 DM,24,all credits at this bank paid duly,others,1358,unknown / no savings account,>=7 years,4,male : single,none,3,car or other (not in attribute 6),40,stores,own,1,management / self-employed / highly qualified,1,"yes, registered under customer name",yes,2,bad,<0 EUR,unknown / no savings account,1188.44
0-200 DM,6,all credits at this bank paid duly,car (new),931,100-500 DM,<1 year,1,female : divorced/separated/married,none,1,building society savings / life insurance,32,stores,own,1,unskilled resident,1,none,yes,2,bad,0-175 EUR,87-437 EUR,814.75
<0 DM,24,existing credits paid duly till now,car (new),1442,<100 DM,4-7 years,4,female : divorced/separated/married,none,4,car or other (not in attribute 6),23,none,rent,2,skilled employee / official,1,none,yes,2,bad,<0 EUR,<87 EUR,1261.95
0-200 DM,24,no credits taken / all paid duly,business,4241,<100 DM,1-4 years,1,male : single,none,4,real estate,36,none,own,3,unskilled resident,1,"yes, registered under customer name",yes,2,bad,0-175 EUR,<87 EUR,3711.46
no checking account,18,critical account / other credits,car (new),2775,<100 DM,4-7 years,2,male : single,none,2,building society savings / life insurance,31,bank,own,2,skilled employee / official,1,none,yes,2,bad,no checking account,<87 EUR,2428.51
no checking account,24,delay in paying off in the past,business,3863,<100 DM,1-4 years,1,male : single,none,2,unknown / no property,32,none,for free,1,skilled employee / official,1,none,yes,1,good,no checking account,<87 EUR,3380.66
0-200 DM,7,existing credits paid duly till now,radio/television,2329,<100 DM,<1 year,1,female : divorced/separated/married,guarantor,1,real estate,45,none,own,1,skilled employee / official,1,none,yes,1,good,0-175 EUR,<87 EUR,2038.2
0-200 DM,9,existing credits paid duly till now,furniture/equipment,918,<100 DM,1-4 years,4,female : divorced/separated/married,none,1,building society savings / life insurance,30,none,own,1,skilled employee / official,1,none,yes,2,bad,0-175 EUR,<87 EUR,803.38
0-200 DM,24,all credits at this bank paid duly,education,1837,<100 DM,4-7 years,4,female : divorced/separated/married,none,4,unknown / no property,34,bank,for free,1,unskilled resident,1,none,yes,2,bad,0-175 EUR,<87 EUR,1607.63
no checking account,36,existing credits paid duly till now,furniture/equipment,3349,<100 DM,1-4 years,4,female : divorced/separated/married,none,2,car or other (not in attribute 6),28,none,own,1,management / self-employed / highly qualified,1,"yes, registered under customer name",yes,2,bad,no checking account,<87 EUR,2930.84
>=200 DM / salary assignments,10,existing credits paid duly till now,furniture/equipment,1275,<100 DM,<1 year,4,female : divorced/separated/married,none,2,building society savings / life insurance,23,none,own,1,skilled employee / official,1,none,yes,1,good,>=175 EUR / salary assignments,<87 EUR,1115.8
<0 DM,24,all credits at this bank paid duly,furniture/equipment,2828,500-1000 DM,1-4 years,4,male : single,none,4,real estate,22,stores,own,1,skilled employee / official,1,"yes, registered under customer name",yes,1,good,<0 EUR,437-875 EUR,2474.89
no checking account,24,critical account / other credits,business,4526,<100 DM,1-4 years,3,male : single,none,2,real estate,74,none,own,1,management / self-employed / highly qualified,1,"yes, registered under customer name",yes,1,good,no checking account,<87 EUR,3960.87
0-200 DM,36,existing credits paid duly till now,radio/television,2671,100-500 DM,1-4 years,4,female : divorced/separated/married,co-applicant,4,unknown / no property,50,none,for free,1,skilled employee / official,1,none,yes,2,bad,0-175 EUR,87-437 EUR,2337.49
no checking account,18,existing credits paid duly till now,radio/television,2051,<100 DM,<1 year,4,male : single,none,1,real estate,33,none,own,1,skilled employee / official,1,none,yes,1,good,no checking account,<87 EUR,1794.91
no checking account,15,existing credits paid duly till now,car (used),1300,unknown / no savings account,>=7 years,4,male : single,none,4,unknown / no property,45,bank,for free,1,skilled employee / official,2,none,yes,1,good,no checking account,unknown / no savings account,1137.68
<0 DM,12,existing credits paid duly till now,domestic appliances,741,100-500 DM,unemployed,4,female : divorced/separated/married,none,3,building society savings / life insurance,22,none,own,1,skilled employee / official,1,none,yes,2,bad,<0 EUR,87-437 EUR,648.48
>=200 DM / salary assignments,10,existing credits paid duly till now,car (new),1240,100-500 DM,>=7 years,1,female : divorced/separated/married,none,4,unknown / no property,48,none,for free,1,unskilled resident,2,none,yes,2,bad,>=175 EUR / salary assignments,87-437 EUR,1085.17
<0 DM,21,existing credits paid duly till now,radio/television,3357,>=1000 DM,<1 year,4,female : divorced/separated/married,none,2,car or other (not in attribute 6),29,bank,own,1,skilled employee / official,1,none,yes,1,good,<0 EUR,>=875 EUR,2937.84
<0 DM,24,all credits at this bank paid duly,car (used),3632,<100 DM,1-4 years,1,female : divorced/separated/married,guarantor,4,car or other (not in attribute 6),22,bank,rent,1,skilled employee / official,1,none,no,1,good,<0 EUR,<87 EUR,3178.5
no checking account,18,delay in paying off in the past,furniture/equipment,1808,<100 DM,4-7 years,4,female : divorced/separated/married,none,1,real estate,22,none,own,1,skilled employee / official,1,none,yes,2,bad,no checking account,<87 EUR,1582.25
0-200 DM,48,no credits taken / all paid duly,business,12204,unknown / no savings account,1-4 years,2,male : single,none,2,car or other (not in attribute 6),48,bank,own,1,management / self-employed / highly qualified,1,"yes, registered under customer name",yes,1,good,0-175 EUR,unknown / no savings account,10680.18
0-200 DM,60,delay in paying off in the past,radio/television,9157,unknown / no savings account,1-4 years,2,male : single,none,2,unknown / no property,27,none,for free,1,management / self-employed / highly qualified,1,none,yes,1,good,0-175 EUR,unknown / no savings account,8013.64
<0 DM,6,critical account / other credits,car (new),3676,<100 DM,1-4 years,1,male : single,none,3,real estate,37,none,rent,3,skilled employee / official,2,none,yes,1,good,<0 EUR,<87 EUR,3217.01
0-200 DM,30,existing credits paid duly till now,furniture/equipment,3441,100-500 DM,1-4 years,2,female : divorced/separated/married,co-applicant,4,car or other (not in attribute 6),21,none,rent,1,skilled employee / official,1,none,yes,2,bad,0-175 EUR,87-437 EUR,3011.35
no checking account,12,existing credits paid duly till now,car (new),640,<100 DM,1-4 years,4,male : divorced/separated,none,2,real estate,49,none,own,1,unskilled resident,1,none,yes,1,good,no checking account,<87 EUR,560.09
0-200 DM,21,critical account / other credits,business,3652,<100 DM,4-7 years,2,male : single,none,3,building society savings / life insurance,27,none,own,2,skilled employee / official,1,none,yes,1,good,0-175 EUR,<87 EUR,3196.0
no checking account,18,critical account / other credits,car (new),1530,<100 DM,1-4 years,3,male : single,none,2,building society savings / life insurance,32,bank,own,2,skilled employee / official,1,none,yes,2,bad,no checking account,<87 EUR,1338.96
no checking account,48,existing credits paid duly till now,business,3914,unknown / no savings account,1-4 years,4,male : divorced/separated,none,2,real estate,38,bank,own,1,skilled employee / official,1,none,yes,2,bad,no checking account,unknown / no savings account,3425.29
<0 DM,12,existing credits paid duly till now,furniture/equipment,1858,<100 DM,<1 year,4,female : divorced/separated/married,none,1,car or other (not in attribute 6),22,none,rent,1,skilled employee / official,1,none,yes,1,good,<0 EUR,<87 EUR,1626.01
<0 DM,18,existing credits paid duly till now,radio/television,2600,<100 DM,1-4 years,4,male : single,none,4,unknown / no property,65,none,for free,2,skilled employee / official,1,none,yes,2,bad,<0 EUR,<87 EUR,2275.36
no checking account,15,existing credits paid duly till now,radio/television,1979,unknown / no savings account,>=7 years,4,male : single,none,2,car or other (not in attribute 6),35,none,own,1,skilled employee / official,1,none,yes,1,good,no checking account,unknown / no savings account,1731.9
>=200 DM / salary assignments,6,existing credits paid duly till now,furniture/equipment,2116,<100 DM,1-4 years,2,male : single,none,2,real estate,41,none,own,1,skilled employee / official,1,"yes, registered under customer name",yes,1,good,>=175 EUR / salary assignments,<87 EUR,1851.79
0-200 DM,9,all credits at this bank paid duly,car (new),1437,100-500 DM,4-7 years,2,male : single,none,3,unknown / no property,29,none,own,1,skilled employee / official,1,none,yes,2,bad,0-175 EUR,87-437 EUR,1257.57
no checking account,42,critical account / other credits,furniture/equipment,4042,500-1000 DM,1-4 years,4,male : single,none,4,real estate,36,none,own,2,skilled employee / official,1,"yes, registered under customer name",yes,1,good,no checking account,437-875 EUR,3537.31
no checking account,9,existing credits paid duly till now,education,3832,unknown / no savings account,>=7 years,1,male : single,none,4,real estate,64,none,own,1,unskilled resident,1,none,yes,1,good,no checking account,unknown / no savings account,3353.53
<0 DM,24,existing credits paid duly till now,radio/television,3660,<100 DM,1-4 years,2,female : divorced/separated/married,none,4,car or other (not in attribute 6),28,none,own,1,skilled employee / official,1,none,yes,1,good,<0 EUR,<87 EUR,3203.01
<0 DM,18,all credits at this bank paid duly,furniture/equipment,1553,<100 DM,1-4 years,4,male : single,none,3,car or other (not in attribute 6),44,bank,own,1,skilled employee / official,1,none,yes,2,bad,<0 EUR,<87 EUR,1359.09
0-200 DM,15,existing credits paid duly till now,radio/television,1444,unknown / no savings account,<1 year,4,male : single,none,1,building society savings / life insurance,23,none,own,1,skilled employee / official,1,none,yes,1,good,0-175 EUR,unknown / no savings account,1263.7
no checking account,9,existing credits paid duly till now,furniture/equipment,1980,<100 DM,<1 year,2,female : divorced/separated/married,co-applicant,2,car or other (not in attribute 6),19,none,rent,2,skilled employee / official,1,none,yes,2,bad,no checking account,<87 EUR,1732.77
0-200 DM,24,existing credits paid duly till now,car (new),1355,<100 DM,<1 year,3,female : divorced/separated/married,none,4,car or other (not in attribute 6),25,none,own,1,unskilled resident,1,"yes, registered under customer name",yes,2,bad,0-175 EUR,<87 EUR,1185.81
no checking account,12,existing credits paid duly till now,education,1393,<100 DM,>=7 years,4,male : single,none,4,building society savings / life insurance,47,bank,own,3,skilled employee / official,2,"yes, registered under customer name",yes,1,good,no checking account,<87 EUR,1219.07
no checking account,24,existing credits paid duly till now,radio/television,1376,500-1000 DM,4-7 years,4,female : divorced/separated/married,none,1,car or other (not in attribute 6),28,none,own,1,skilled employee / official,1,none,yes,1,good,no checking account,437-875 EUR,1204.19
no checking account,60,delay in paying off in the past,radio/television,15653,<100 DM,4-7 years,2,male : single,none,4,car or other (not in attribute 6),21,none,own,2,skilled employee / official,1,"yes, registered under customer name",yes,1,good,no checking account,<87 EUR,13698.54
no checking account,12,existing credits paid duly till now,radio/television,1493,<100 DM,<1 year,4,female : divorced/separated/married,none,3,car or other (not in attribute 6),34,none,own,1,skilled employee / official,2,none,yes,1,good,no checking account,<87 EUR,1306.58
<0 DM,42,delay in paying off in the past,radio/television,4370,<100 DM,4-7 years,3,male : single,none,2,building society savings / life insurance,26,bank,own,2,skilled employee / official,2,"yes, registered under customer name",yes,2,bad,<0 EUR,<87 EUR,3824.35
<0 DM,18,existing credits paid duly till now,education,750,<100 DM,unemployed,4,female : divorced/separated/married,none,1,real estate,27,none,own,1,unemployed / unskilled non-resident,1,none,yes,2,bad,<0 EUR,<87 EUR,656.35
0-200 DM,15,existing credits paid duly till now,repairs,1308,<100 DM,>=7 years,4,male : single,none,4,car or other (not in attribute 6),38,none,own,2,unskilled resident,1,none,yes,1,good,0-175 EUR,<87 EUR,1144.68
no checking account,15,existing credits paid duly till now,education,4623,100-500 DM,1-4 years,3,male : single,none,2,building society savings / life insurance,40,none,own,1,management / self-employed / highly qualified,1,"yes, registered under customer name",yes,2,bad,no checking account,87-437 EUR,4045.76
no checking account,24,critical account / other credits,radio/television,1851,<100 DM,4-7 years,4,male : married/widowed,guarantor,2,car or other (not in attribute 6),33,none,own,2,skilled employee / official,1,"yes, registered under customer name",yes,1,good,no checking account,<87 EUR,1619.88
<0 DM,18,critical account / other credits,radio/television,1880,<100 DM,4-7 years,4,male : married/widowed,none,1,building society savings / life insurance,32,none,own,2,management / self-employed / highly qualified,1,"yes, registered under customer name",yes,1,good,<0 EUR,<87 EUR,1645.26
no checking account,36,delay in paying off in the past,business,7980,unknown / no savings account,<1 year,4,male : single,none,4,car or other (not in attribute 6),27,none,rent,2,skilled employee / official,1,"yes, registered under customer name",yes,2,bad,no checking account,unknown / no savings account,6983.6
<0 DM,30,no credits taken / all paid duly,furniture/equipment,4583,<100 DM,1-4 years,2,male : divorced/separated,guarantor,2,real estate,32,none,own,2,skilled employee / official,1,none,yes,1,good,<0 EUR,<87 EUR,4010.76
no checking account,12,existing credits paid duly till now,car (new),1386,500-1000 DM,1-4 years,2,female : divorced/separated/married,none,2,building society savings / life insurance,26,none,own,1,skilled employee / official,1,none,yes,2,bad,no checking account,437-875 EUR,1212.94
>=200 DM / salary assignments,24,existing credits paid duly till now,car (new),947,<100 DM,4-7 years,4,male : single,none,3,unknown / no property,38,bank,for free,1,skilled employee / official,2,none,yes,2,bad,>=175 EUR / salary assignments,<87 EUR,828.76
<0 DM,12,existing credits paid duly till now,education,684,<100 DM,1-4 years,4,male : single,none,4,car or other (not in attribute 6),40,none,rent,1,unskilled resident,2,none,yes,2,bad,<0 EUR,<87 EUR,598.59
<0 DM,48,existing credits paid duly till now,education,7476,<100 DM,4-7 years,4,male : single,none,1,unknown / no property,50,none,for free,1,management / self-employed / highly qualified,1,"yes, registered under customer name",yes,1,good,<0 EUR,<87 EUR,6542.53
0-200 DM,12,existing credits paid duly till now,furniture/equipment,1922,<100 DM,1-4 years,4,male : single,none,2,building society savings / life insurance,37,none,own,1,unskilled resident,1,none,yes,2,bad,0-175 EUR,<87 EUR,1682.02
<0 DM,24,existing credits paid duly till now,car (new),2303,<100 DM,>=7 years,4,male : single,co-applicant,1,real estate,45,none,own,1,skilled employee / official,1,none,yes,2,bad,<0 EUR,<87 EUR,2015.44
0-200 DM,36,delay in paying off in the past,car (new),8086,100-500 DM,>=7 years,2,male : single,none,4,car or other (not in attribute 6),42,none,own,4,management / self-employed / highly qualified,1,"yes, registered under customer name",yes,2,bad,0-175 EUR,87-437 EUR,7076.37
no checking account,24,critical account / other credits,car (used),2346,<100 DM,4-7 years,4,male : single,none,3,car or other (not in attribute 6),35,none,own,2,skilled employee / official,1,"yes, registered under customer name",yes,1,good,no checking account,<87 EUR,2053.07
<0 DM,14,existing credits paid duly till now,car (new),3973,<100 DM,unemployed,1,male : single,none,4,unknown / no property,22,none,for free,1,skilled employee / official,1,none,yes,1,good,<0 EUR,<87 EUR,3476.92
0-200 DM,12,existing credits paid duly till now,car (new),888,<100 DM,>=7 years,4,male : single,none,4,car or other (not in attribute 6),41,bank,own,1,unskilled resident,2,none,yes,2,bad,0-175 EUR,<87 EUR,777.12
no checking account,48,existing credits paid duly till now,radio/television,10222,unknown / no savings account,4-7 years,4,male : single,none,3,car or other (not in attribute 6),37,stores,own,1,skilled employee / official,1,"yes, registered under customer name",yes,1,good,no checking account,unknown / no savings account,8945.66
0-200 DM,30,no credits taken / all paid duly,business,4221,<100 DM,1-4 years,2,female : divorced/separated/married,none,1,car or other (not in attribute 6),28,none,own,2,skilled employee / official,1,none,yes,1,good,0-175 EUR,<87 EUR,3693.96
0-200 DM,18,critical account / other credits,furniture/equipment,6361,<100 DM,>=7 years,2,male : single,none,1,unknown / no property,41,none,own,1,skilled employee / official,1,"yes, registered under customer name",yes,1,good,0-175 EUR,<87 EUR,5566.75
>=200 DM / salary assignments,12,existing credits paid duly till now,radio/television,1297,<100 DM,1-4 years,3,male : married/widowed,none,4,real estate,23,none,rent,1,skilled employee / official,1,none,yes,1,good,>=175 EUR / salary assignments,<87 EUR,1135.05
<0 DM,12,existing credits paid duly till now,car (new),900,unknown / no savings account,1-4 years,4,male : married/widowed,none,2,car or other (not in attribute 6),23,none,own,1,skilled employee / official,1,none,yes,2,bad,<0 EUR,unknown / no savings account,787.62
no checking account,21,existing credits paid duly till now,furniture/equipment,2241,<100 DM,>=7 years,4,male : single,none,2,real estate,50,none,own,2,skilled employee / official,1,none,yes,1,good,no checking account,<87 EUR,1961.18
0-200 DM,6,delay in paying off in the past,furniture/equipment,1050,<100 DM,unemployed,4,male : single,none,1,building society savings / life insurance,35,stores,own,2,management / self-employed / highly qualified,1,"yes, registered under customer name",yes,1,good,0-175 EUR,<87 EUR,918.89
>=200 DM / salary assignments,6,critical account / other credits,education,1047,<100 DM,1-4 years,2,female : divorced/separated/married,none,4,building society savings / life insurance,50,none,own,1,unskilled resident,1,none,yes,1,good,>=175 EUR / salary assignments,<87 EUR,916.27
no checking account,24,critical account / other credits,others,6314,<100 DM,unemployed,4,male : single,co-applicant,2,unknown / no property,27,bank,own,2,management / self-employed / highly qualified,1,"yes, registered under customer name",yes,1,good,no checking account,<87 EUR,5525.62
0-200 DM,30,all credits at this bank paid duly,furniture/equipment,3496,>=1000 DM,1-4 years,4,male : single,none,2,car or other (not in attribute 6),34,stores,own,1,skilled employee / official,2,"yes, registered under customer name",yes,1,good,0-175 EUR,>=875 EUR,3059.48
no checking account,48,all credits at this bank paid duly,business,3609,<100 DM,1-4 years,1,female : divorced/separated/married,none,1,real estate,27,stores,own,1,skilled employee / official,1,none,yes,1,good,no checking account,<87 EUR,3158.37
<0 DM,12,critical account / other credits,car (new),4843,<100 DM,>=7 years,3,male : single,co-applicant,4,building society savings / life insurance,43,none,rent,2,skilled employee / official,1,"yes, registered under customer name",yes,2,bad,<0 EUR,<87 EUR,4238.29
>=200 DM / salary assignments,30,critical account / other credits,radio/television,3017,<100 DM,>=7 years,4,male : single,none,4,building society savings / life insurance,47,none,own,1,skilled employee / official,1,none,yes,1,good,>=175 EUR / salary assignments,<87 EUR,2640.29
no checking account,24,critical account / other credits,business,4139,100-500 DM,1-4 years,3,male : single,none,3,building society savings / life insurance,27,none,own,2,unskilled resident,1,"yes, registered under customer name",yes,1,good,no checking account,87-437 EUR,3622.2
no checking account,36,existing credits paid duly till now,business,5742,100-500 DM,4-7 years,2,male : single,none,2,car or other (not in attribute 6),31,none,own,2,skilled employee / official,1,"yes, registered under customer name",yes,1,good,no checking account,87-437 EUR,5025.04
no checking account,60,existing credits paid duly till now,car (new),10366,<100 DM,>=7 years,2,male : single,none,4,building society savings / life insurance,42,none,own,1,management / self-employed / highly qualified,1,"yes, registered under customer name",yes,1,good,no checking account,<87 EUR,9071.68
no checking account,6,critical account / other credits,car (new),2080,500-1000 DM,1-4 years,1,male : married/widowed,none,2,car or other (not in attribute 6),24,none,own,1,skilled employee / official,1,none,yes,1,good,no checking account,437-875 EUR,1820.29
no checking account,21,delay in paying off in the past,business,2580,500-1000 DM,<1 year,4,male : single,none,2,real estate,41,bank,own,1,unskilled resident,2,none,yes,2,bad,no checking account,437-875 EUR,2257.86
no checking account,30,critical account / other credits,radio/television,4530,<100 DM,4-7 years,4,female : divorced/separated/married,none,4,car or other (not in attribute 6),26,none,rent,1,management / self-employed / highly qualified,1,"yes, registered under customer name",yes,1,good,no checking account,<87 EUR,3964.38
no checking account,24,critical account / other credits,furniture/equipment,5150,<100 DM,>=7 years,4,male : single,none,4,car or other (not in attribute 6),33,none,own,1,skilled employee / official,1,"yes, registered under customer name",yes,1,good,no checking account,<87 EUR,4506.96
0-200 DM,72,existing credits paid duly till now,radio/television,5595,100-500 DM,1-4 years,2,male : married/widowed,none,2,car or other (not in attribute 6),24,none,own,1,skilled employee / official,1,none,yes,2,bad,0-175 EUR,87-437 EUR,4896.4
<0 DM,24,existing credits paid duly till now,radio/television,2384,<100 DM,>=7 years,4,male : single,none,4,real estate,64,bank,rent,1,unskilled resident,1,none,yes,1,good,<0 EUR,<87 EUR,2086.33
no checking account,18,existing credits paid duly till now,radio/television,1453,<100 DM,<1 year,3,female : divorced/separated/married,none,1,real estate,26,none,own,1,skilled employee / official,1,none,yes,1,good,no checking account,<87 EUR,1271.58
no checking account,6,existing credits paid duly till now,education,1538,<100 DM,<1 year,1,female : divorced/separated/married,none,2,unknown / no property,56,none,own,1,skilled employee / official,1,none,yes,1,good,no checking account,<87 EUR,1345.96
no checking account,12,existing credits paid duly till now,radio/television,2279,unknown / no savings account,1-4 years,4,male : single,none,4,unknown / no property,37,none,for free,1,skilled employee / official,1,"yes, registered under customer name",yes,1,good,no checking account,unknown / no savings account,1994.44
no checking account,15,delay in paying off in the past,radio/television,1478,<100 DM,1-4 years,4,male : married/widowed,none,3,real estate,33,bank,own,2,skilled employee / official,1,none,yes,1,good,no checking account,<87 EUR,1293.45
no checking account,24,critical account / other credits,radio/television,5103,<100 DM,<1 year,3,male : married/widowed,none,3,unknown / no property,47,none,for free,3,skilled employee / official,1,"yes, registered under customer name",yes,1,good,no checking account,<87 EUR,4465.83
0-200 DM,36,delay in paying off in the past,business,9857,100-500 DM,4-7 years,1,male : single,none,3,building society savings / life insurance,31,none,own,2,unskilled resident,2,"yes, registered under customer name",yes,1,good,0-175 EUR,87-437 EUR,8626.24
no checking account,60,existing credits paid duly till now,car (new),6527,unknown / no savings account,1-4 years,4,male : single,none,4,unknown / no property,34,none,for free,1,skilled employee / official,2,"yes, registered under customer name",yes,1,good,no checking account,unknown / no savings account,5712.03
>=200 DM / salary assignments,10,critical account / other credits,radio/television,1347,unknown / no savings account,4-7 years,4,male : single,none,2,building society savings / life insurance,27,none,own,2,skilled employee / official,1,"yes, registered under customer name",yes,1,good,>=175 EUR / salary assignments,unknown / no savings account,1178.81
0-200 DM,36,delay in paying off in the past,car (new),2862,100-500 DM,>=7 years,4,male : single,none,3,unknown / no property,30,none,for free,1,skilled employee / official,1,none,yes,1,good,0-175 EUR,87-437 EUR,2504.65
no checking account,9,existing credits paid duly till now,radio/television,2753,100-500 DM,>=7 years,3,male : single,co-applicant,4,car or other (not in attribute 6),35,none,own,1,skilled employee / official,1,"yes, registered under customer name",yes,1,good,no checking account,87-437 EUR,2409.26
<0 DM,12,existing credits paid duly till now,car (new),3651,>=1000 DM,1-4 years,1,male : single,none,3,building society savings / life insurance,31,none,own,1,skilled employee / official,2,none,yes,1,good,<0 EUR,>=875 EUR,3195.13
<0 DM,15,critical account / other credits,furniture/equipment,975,<100 DM,1-4 years,2,male : divorced/separated,none,3,building society savings / life insurance,25,none,own,2,skilled employee / official,1,none,yes,1,good,<0 EUR,<87 EUR,853.26
0-200 DM,15,existing credits paid duly till now,repairs,2631,100-500 DM,1-4 years,3,female : divorced/separated/married,none,2,real estate,25,none,own,1,unskilled resident,1,none,yes,1,good,0-175 EUR,87-437 EUR,2302.49
0-200 DM,24,existing credits paid duly till now,radio/television,2896,100-500 DM,<1 year,2,male : single,none,1,car or other (not in attribute 6),29,none,own,1,skilled employee / official,1,none,yes,1,good,0-175 EUR,87-437 EUR,2534.4
<0 DM,6,critical account / other credits,car (new),4716,unknown / no savings account,<1 year,1,male : single,none,3,real estate,44,none,own,2,unskilled resident,2,none,yes,1,good,<0 EUR,unknown / no savings account,4127.15
no checking account,24,existing credits paid duly till now,radio/television,2284,<100 DM,4-7 years,4,male : single,none,2,car or other (not in attribute 6),28,none,own,1,skilled employee / official,1,"yes, registered under customer name",yes,1,good,no checking account,<87 EUR,1998.82
no checking account,6,existing credits paid duly till now,car (used),1236,500-1000 DM,1-4 years,2,male : single,none,4,building society savings / life insurance,50,none,rent,1,skilled employee / official,1,none,yes,1,good,no checking account,437-875 EUR,1081.67
0-200 DM,12,existing credits paid duly till now,radio/television,1103,<100 DM,4-7 years,4,male : single,guarantor,3,real estate,29,none,own,2,skilled employee / official,1,none,no,1,good,0-175 EUR,<87 EUR,965.28
no checking account,12,critical account / other credits,car (new),926,<100 DM,unemployed,1,female : divorced/separated/married,none,2,building society savings / life insurance,38,none,own,1,unemployed / unskilled non-resident,1,none,yes,1,good,no checking account,<87 EUR,810.38
no checking account,18,critical account / other credits,radio/television,1800,<100 DM,1-4 years,4,male : single,none,2,car or other (not in attribute 6),24,none,own,2,skilled employee / official,1,none,yes,1,good,no checking account,<87 EUR,1575.25
>=200 DM / salary assignments,15,existing credits paid duly till now,education,1905,<100 DM,>=7 years,4,male : single,none,4,car or other (not in attribute 6),40,none,rent,1,management / self-employed / highly qualified,1,"yes, registered under customer name",yes,1,good,>=175 EUR / salary assignments,<87 EUR,1667.14
no checking account,12,existing credits paid duly till now,furniture/equipment,1123,500-1000 DM,1-4 years,4,female : divorced/separated/married,none,4,car or other (not in attribute 6),29,none,rent,1,unskilled resident,1,none,yes,2,bad,no checking account,437-875 EUR,982.78
<0 DM,48,critical account / other credits,car (used),6331,<100 DM,>=7 years,4,male : single,none,4,unknown / no property,46,none,for free,2,skilled employee / official,1,"yes, registered under customer name",yes,2,bad,<0 EUR,<87 EUR,5540.5
>=200 DM / salary assignments,24,existing credits paid duly till now,radio/television,1377,100-500 DM,>=7 years,4,female : divorced/separated/married,none,2,unknown / no property,47,none,for free,1,skilled employee / official,1,"yes, registered under customer name",yes,1,good,>=175 EUR / salary assignments,87-437 EUR,1205.07
0-200 DM,30,delay in paying off in the past,business,2503,100-500 DM,>=7 years,4,male : single,none,2,building society savings / life insurance,41,stores,own,2,skilled employee / official,1,none,yes,1,good,0-175 EUR,87-437 EUR,2190.47
0-200 DM,27,existing credits paid duly till now,business,2528,<100 DM,<1 year,4,female : divorced/separated/married,none,1,building society savings / life insurance,32,none,own,1,skilled employee / official,2,"yes, registered under customer name",yes,1,good,0-175 EUR,<87 EUR,2212.35
no checking account,15,existing credits paid duly till now,car (new),5324,500-1000 DM,>=7 years,1,female : divorced/separated/married,none,4,unknown / no property,35,none,for free,1,skilled employee / official,1,none,yes,1,good,no checking account,437-875 EUR,4659.23
0-200 DM,48,existing credits paid duly till now,car (new),6560,100-500 DM,4-7 years,3,male : single,none,2,building society savings / life insurance,24,none,own,1,skilled employee / official,1,none,yes,2,bad,0-175 EUR,87-437 EUR,5740.91
0-200 DM,12,no credits taken / all paid duly,furniture/equipment,2969,<100 DM,<1 year,4,female : divorced/separated/married,none,3,building society savings / life insurance,25,none,rent,2,skilled employee / official,1,none,yes,2,bad,0-175 EUR,<87 EUR,2598.28
0-200 DM,9,existing credits paid duly till now,radio/television,1206,<100 DM,>=7 years,4,female : divorced/separated/married,none,4,real estate,25,none,own,1,skilled employee / official,1,none,yes,1,good,0-175 EUR,<87 EUR,1055.42
0-200 DM,9,existing credits paid duly till now,radio/television,2118,<100 DM,1-4 years,2,male : single,none,2,real estate,37,none,own,1,unskilled resident,2,none,yes,1,good,0-175 EUR,<87 EUR,1853.54
no checking account,18,critical account / other credits,radio/television,629,500-1000 DM,>=7 years,4,male : single,none,3,building society savings / life insurance,32,bank,own,2,management / self-employed / highly qualified,1,"yes, registered under customer name",yes,1,good,no checking account,437-875 EUR,550.46
<0 DM,6,all credits at this bank paid duly,education,1198,<100 DM,>=7 years,4,female : divorced/separated/married,none,4,unknown / no property,35,none,for free,1,skilled employee / official,1,none,yes,2,bad,<0 EUR,<87 EUR,1048.42
no checking account,21,existing credits paid duly till now,car (used),2476,unknown / no savings account,>=7 years,4,male : single,none,4,real estate,46,none,own,1,management / self-employed / highly qualified,1,"yes, registered under customer name",yes,1,good,no checking account,unknown / no savings account,2166.84
<0 DM,9,critical account / other credits,radio/television,1138,<100 DM,1-4 years,4,male : single,none,4,real estate,25,none,own,2,unskilled resident,1,none,yes,1,good,<0 EUR,<87 EUR,995.91
0-200 DM,60,existing credits paid duly till now,car (new),14027,<100 DM,4-7 years,4,male : single,none,2,unknown / no property,27,none,own,1,management / self-employed / highly qualified,1,"yes, registered under customer name",yes,2,bad,0-175 EUR,<87 EUR,12275.56
no checking account,30,critical account / other credits,car (used),7596,unknown / no savings account,>=7 years,1,male : single,none,4,car or other (not in attribute 6),63,none,own,2,skilled employee / official,1,none,yes,1,good,no checking account,unknown / no savings account,6647.55
no checking account,30,critical account / other credits,radio/television,3077,unknown / no savings account,>=7 years,3,male : single,none,2,car or other (not in attribute 6),40,none,own,2,skilled employee / official,2,"yes, registered under customer name",yes,1,good,no checking account,unknown / no savings account,2692.8
no checking account,18,existing credits paid duly till now,radio/television,1505,<100 DM,1-4 years,4,male : single,none,2,unknown / no property,32,none,for free,1,management / self-employed / highly qualified,1,"yes, registered under customer name",yes,1,good,no checking account,<87 EUR,1317.08
>=200 DM / salary assignments,24,critical account / other credits,radio/television,3148,unknown / no savings account,1-4 years,3,male : single,none,2,car or other (not in attribute 6),31,none,own,2,skilled employee / official,1,"yes, registered under customer name",yes,1,good,>=175 EUR / salary assignments,unknown / no savings account,2754.93
0-200 DM,20,no credits taken / all paid duly,car (used),6148,100-500 DM,>=7 years,3,male : married/widowed,none,4,car or other (not in attribute 6),31,bank,own,2,skilled employee / official,1,"yes, registered under customer name",yes,1,good,0-175 EUR,87-437 EUR,5380.35
>=200 DM / salary assignments,9,no credits taken / all paid duly,radio/television,1337,<100 DM,<1 year,4,male : single,none,2,car or other (not in attribute 6),34,none,own,2,management / self-employed / highly qualified,1,"yes, registered under customer name",yes,2,bad,>=175 EUR / salary assignments,<87 EUR,1170.06
0-200 DM,6,all credits at this bank paid duly,education,433,>=1000 DM,<1 year,4,female : divorced/separated/married,none,2,building society savings / life insurance,24,bank,rent,1,skilled employee / official,2,none,yes,2,bad,0-175 EUR,>=875 EUR,378.93
<0 DM,12,existing credits paid duly till now,car (new),1228,<100 DM,1-4 years,4,female : divorced/separated/married,none,2,real estate,24,none,own,1,unskilled resident,1,none,yes,2,bad,<0 EUR,<87 EUR,1074.67
0-200 DM,9,existing credits paid duly till now,radio/television,790,500-1000 DM,1-4 years,4,female : divorced/separated/married,none,3,real estate,66,none,own,1,unskilled resident,1,none,yes,1,good,0-175 EUR,437-875 EUR,691.36
no checking account,27,existing credits paid duly till now,car (new),2570,<100 DM,1-4 years,3,female : divorced/separated/married,none,3,real estate,21,none,rent,1,skilled employee / official,1,none,yes,2,bad,no checking account,<87 EUR,2249.1
no checking account,6,critical account / other credits,car (new),250,>=1000 DM,1-4 years,2,female : divorced/separated/married,none,2,real estate,41,bank,own,2,unskilled resident,1,none,yes,1,good,no checking account,>=875 EUR,218.78
no checking account,15,critical account / other credits,radio/television,1316,500-1000 DM,1-4 years,2,male : married/widowed,none,2,building society savings / life insurance,47,none,own,2,unskilled resident,1,none,yes,1,good,no checking account,437-875 EUR,1151.68
<0 DM,18,existing credits paid duly till now,radio/television,1882,<100 DM,1-4 years,4,female : divorced/separated/married,none,4,car or other (not in attribute 6),25,bank,rent,2,skilled employee / official,1,none,yes,2,bad,<0 EUR,<87 EUR,1647.01
0-200 DM,48,all credits at this bank paid duly,business,6416,<100 DM,>=7 years,4,female : divorced/separated/married,none,3,unknown / no property,59,none,rent,1,skilled employee / official,1,none,yes,2,bad,0-175 EUR,<87 EUR,5614.89
>=200 DM / salary assignments,24,critical account / other credits,business,1275,>=1000 DM,1-4 years,2,male : divorced/separated,none,4,real estate,36,none,own,2,skilled employee / official,1,"yes, registered under customer name",yes,1,good,>=175 EUR / salary assignments,>=875 EUR,1115.8
0-200 DM,24,delay in paying off in the past,radio/television,6403,<100 DM,<1 year,1,male : single,none,2,car or other (not in attribute 6),33,none,own,1,skilled employee / official,1,none,yes,1,good,0-175 EUR,<87 EUR,5603.51
<0 DM,24,existing credits paid duly till now,radio/television,1987,<100 DM,1-4 years,2,male : single,none,4,real estate,21,none,rent,1,unskilled resident,2,none,yes,2,bad,<0 EUR,<87 EUR,1738.9
0-200 DM,8,existing credits paid duly till now,radio/television,760,<100 DM,4-7 years,4,female : divorced/separated/married,guarantor,2,real estate,44,none,own,1,unskilled resident,1,none,yes,1,good,0-175 EUR,<87 EUR,665.1
no checking account,24,existing credits paid duly till now,car (used),2603,>=1000 DM,1-4 years,2,female : divorced/separated/married,none,4,car or other (not in attribute 6),28,none,rent,1,skilled employee / official,1,"yes, registered under customer name",yes,1,good,no checking account,>=875 EUR,2277.98
no checking account,4,critical account / other credits,car (new),3380,<100 DM,4-7 years,1,female : divorced/separated/married,none,1,real estate,37,none,own,1,skilled employee / official,2,none,yes,1,good,no checking account,<87 EUR,2957.97
0-200 DM,36,all credits at this bank paid duly,domestic appliances,3990,unknown / no savings account,<1 year,3,female : divorced/separated/married,none,2,unknown / no property,29,bank,own,1,unemployed / unskilled non-resident,1,none,yes,1,good,0-175 EUR,unknown / no savings account,3491.8
0-200 DM,24,existing credits paid duly till now,car (used),11560,<100 DM,1-4 years,1,female : divorced/separated/married,none,4,car or other (not in attribute 6),23,none,rent,2,management / self-employed / highly qualified,1,none,yes,2,bad,0-175 EUR,<87 EUR,10116.6
<0 DM,18,existing credits paid duly till now,car (new),4380,100-500 DM,1-4 years,3,male : single,none,4,car or other (not in attribute 6),35,none,own,1,unskilled resident,2,"yes, registered under customer name",yes,1,good,<0 EUR,87-437 EUR,3833.1
no checking account,6,critical account / other credits,car (new),6761,<100 DM,4-7 years,1,male : single,none,3,unknown / no property,45,none,own,2,management / self-employed / highly qualified,2,"yes, registered under customer name",yes,1,good,no checking account,<87 EUR,5916.81
0-200 DM,30,no credits taken / all paid duly,business,4280,100-500 DM,1-4 years,4,female : divorced/separated/married,none,4,car or other (not in attribute 6),26,none,rent,2,unskilled resident,1,none,yes,2,bad,0-175 EUR,87-437 EUR,3745.59
<0 DM,24,all credits at this bank paid duly,car (new),2325,100-500 DM,4-7 years,2,male : single,none,3,car or other (not in attribute 6),32,bank,own,1,skilled employee / official,1,none,yes,1,good,<0 EUR,87-437 EUR,2034.7
0-200 DM,10,all credits at this bank paid duly,radio/television,1048,<100 DM,1-4 years,4,male : single,none,4,real estate,23,stores,own,1,unskilled resident,1,none,yes,1,good,0-175 EUR,<87 EUR,917.14
no checking account,21,existing credits paid duly till now,radio/television,3160,unknown / no savings account,>=7 years,4,male : single,none,3,building society savings / life insurance,41,none,own,1,skilled employee / official,1,"yes, registered under customer name",yes,1,good,no checking account,unknown / no savings account,2765.44
<0 DM,24,all credits at this bank paid duly,furniture/equipment,2483,500-1000 DM,1-4 years,4,male : single,none,4,real estate,22,stores,own,1,skilled employee / official,1,"yes, registered under customer name",yes,1,good,<0 EUR,437-875 EUR,2172.97
<0 DM,39,critical account / other credits,furniture/equipment,14179,unknown / no savings account,4-7 years,4,male : single,none,4,building society savings / life insurance,30,none,own,2,management / self-employed / highly qualified,1,"yes, registered under customer name",yes,1,good,<0 EUR,unknown / no savings account,12408.58
<0 DM,13,critical account / other credits,business,1797,<100 DM,<1 year,3,male : single,none,1,building society savings / life insurance,28,bank,own,2,unskilled resident,1,none,yes,1,good,<0 EUR,<87 EUR,1572.62
<0 DM,15,existing credits paid duly till now,car (new),2511,<100 DM,unemployed,1,female : divorced/separated/married,none,4,car or other (not in attribute 6),23,none,rent,1,skilled employee / official,1,none,yes,1,good,<0 EUR,<87 EUR,2197.47
<0 DM,12,existing credits paid duly till now,car (new),1274,<100 DM,<1 year,3,female : divorced/separated/married,none,1,real estate,37,none,own,1,unskilled resident,1,none,yes,2,bad,<0 EUR,<87 EUR,1114.93
no checking account,21,existing credits paid duly till now,car (used),5248,unknown / no savings account,1-4 years,1,male : single,none,3,car or other (not in attribute 6),26,none,own,1,skilled employee / official,1,none,yes,1,good,no checking account,unknown / no savings account,4592.72
no checking account,15,existing credits paid duly till now,car (used),3029,<100 DM,4-7 years,2,male : single,none,2,car or other (not in attribute 6),33,none,own,1,skilled employee / official,1,none,yes,1,good,no checking account,<87 EUR,2650.79
<0 DM,6,existing credits paid duly till now,furniture/equipment,428,<100 DM,>=7 years,2,female : divorced/separated/married,none,1,building society savings / life insurance,49,bank,own,1,skilled employee / official,1,"yes, registered under customer name",yes,1,good,<0 EUR,<87 EUR,374.56
<0 DM,18,existing credits paid duly till now,car (new),976,<100 DM,<1 year,1,female : divorced/separated/married,none,2,car or other (not in attribute 6),23,none,own,1,unskilled resident,1,none,yes,2,bad,<0 EUR,<87 EUR,854.13
0-200 DM,12,existing credits paid duly till now,business,841,100-500 DM,4-7 years,2,female : divorced/separated/married,none,4,real estate,23,none,rent,1,unskilled resident,1,none,yes,1,good,0-175 EUR,87-437 EUR,735.99
no checking account,30,critical account / other credits,radio/television,5771,<100 DM,4-7 years,4,female : divorced/separated/married,none,2,car or other (not in attribute 6),25,none,own,2,skilled employee / official,1,none,yes,1,good,no checking account,<87 EUR,5050.42
no checking account,12,delay in paying off in the past,repairs,1555,>=1000 DM,>=7 years,4,male : single,none,4,unknown / no property,55,none,for free,2,skilled employee / official,2,none,yes,2,bad,no checking account,>=875 EUR,1360.84
<0 DM,24,existing credits paid duly till now,car (new),1285,unknown / no savings account,4-7 years,4,female : divorced/separated/married,none,4,unknown / no property,32,none,rent,1,skilled employee / official,1,none,yes,2,bad,<0 EUR,unknown / no savings account,1124.55
>=200 DM / salary assignments,6,critical account / other credits,car (new),1299,<100 DM,1-4 years,1,male : single,none,1,real estate,74,none,own,3,unemployed / unskilled non-resident,2,none,no,1,good,>=175 EUR / salary assignments,<87 EUR,1136.8
>=200 DM / salary assignments,15,critical account / other credits,radio/television,1271,unknown / no savings account,1-4 years,3,male : single,none,4,unknown / no property,39,none,for free,2,skilled employee / official,1,"yes, registered under customer name",yes,2,bad,>=175 EUR / salary assignments,unknown / no savings account,1112.3
no checking account,24,existing credits paid duly till now,car (new),1393,<100 DM,1-4 years,2,male : single,guarantor,2,real estate,31,none,own,1,skilled employee / official,1,"yes, registered under customer name",yes,1,good,no checking account,<87 EUR,1219.07
<0 DM,12,critical account / other credits,car (new),691,<100 DM,>=7 years,4,male : single,none,3,building society savings / life insurance,35,none,own,2,skilled employee / official,1,none,yes,2,bad,<0 EUR,<87 EUR,604.72
no checking account,15,critical account / other credits,car (new),5045,unknown / no savings account,>=7 years,1,female : divorced/separated/married,none,4,car or other (not in attribute 6),59,none,own,1,skilled employee / official,1,"yes, registered under customer name",yes,1,good,no checking account,unknown / no savings account,4415.07
<0 DM,18,critical account / other credits,furniture/equipment,2124,<100 DM,1-4 years,4,female : divorced/separated/married,none,4,real estate,24,none,rent,2,skilled employee / official,1,none,yes,2,bad,<0 EUR,<87 EUR,1858.79
<0 DM,12,existing credits paid duly till now,radio/television,2214,<100 DM,1-4 years,4,male : single,none,3,building society savings / life insurance,24,none,own,1,unskilled resident,1,none,yes,1,good,<0 EUR,<87 EUR,1937.56
no checking account,21,critical account / other credits,car (new),12680,unknown / no savings account,>=7 years,4,male : single,none,4,unknown / no property,30,none,for free,1,management / self-employed / highly qualified,1,"yes, registered under customer name",yes,2,bad,no checking account,unknown / no savings account,11096.75
no checking account,24,critical account / other credits,car (new),2463,100-500 DM,4-7 years,4,male : married/widowed,none,3,building society savings / life insurance,27,none,own,2,skilled employee / official,1,"yes, registered under customer name",yes,1,good,no checking account,87-437 EUR,2155.46
0-200 DM,12,existing credits paid duly till now,radio/television,1155,<100 DM,>=7 years,3,male : married/widowed,guarantor,3,real estate,40,bank,own,2,unskilled resident,1,none,yes,1,good,0-175 EUR,<87 EUR,1010.78
<0 DM,30,existing credits paid duly till now,furniture/equipment,3108,<100 DM,<1 year,2,male : divorced/separated,none,4,building society savings / life insurance,31,none,own,1,unskilled resident,1,none,yes,2,bad,<0 EUR,<87 EUR,2719.93
no checking account,10,existing credits paid duly till now,car (used),2901,unknown / no savings account,<1 year,1,female : divorced/separated/married,none,4,real estate,31,none,rent,1,skilled employee / official,1,none,yes,1,good,no checking account,unknown / no savings account,2538.78
0-200 DM,12,critical account / other credits,furniture/equipment,3617,<100 DM,>=7 years,1,male : single,none,4,car or other (not in attribute 6),28,none,rent,3,skilled employee / official,1,"yes, registered under customer name",yes,1,good,0-175 EUR,<87 EUR,3165.37
no checking account,12,critical account / other credits,radio/television,1655,<100 DM,>=7 years,2,male : single,none,4,real estate,63,none,own,2,unskilled resident,1,"yes, registered under customer name",yes,1,good,no checking account,<87 EUR,1448.35
<0 DM,24,existing credits paid duly till now,car (used),2812,unknown / no savings account,>=7 years,2,female : divorced/separated/married,none,4,real estate,26,none,rent,1,skilled employee / official,1,none,yes,1,good,<0 EUR,unknown / no savings account,2460.89
<0 DM,36,critical account / other credits,education,8065,<100 DM,1-4 years,3,female : divorced/separated/married,none,2,unknown / no property,25,none,own,2,management / self-employed / highly qualified,1,"yes, registered under customer name",yes,2,bad,<0 EUR,<87 EUR,7057.99
no checking account,21,critical account / other credits,car (used),3275,<100 DM,>=7 years,1,male : single,none,4,car or other (not in attribute 6),36,none,own,1,management / self-employed / highly qualified,1,"yes, registered under customer name",yes,1,good,no checking account,<87 EUR,2866.08
no checking account,24,critical account / other credits,radio/television,2223,100-500 DM,>=7 years,4,male : single,none,4,building society savings / life insurance,52,bank,own,2,skilled employee / official,1,none,yes,1,good,no checking account,87-437 EUR,1945.43
>=200 DM / salary assignments,12,critical account / other credits,car (new),1480,500-1000 DM,unemployed,2,male : single,none,4,unknown / no property,66,bank,for free,3,unemployed / unskilled non-resident,1,none,yes,1,good,>=175 EUR / salary assignments,437-875 EUR,1295.2
<0 DM,24,existing credits paid duly till now,car (new),1371,unknown / no savings account,1-4 years,4,female : divorced/separated/married,none,4,real estate,25,none,rent,1,skilled employee / official,1,none,yes,2,bad,<0 EUR,unknown / no savings account,1199.81
no checking account,36,critical account / other credits,car (new),3535,<100 DM,4-7 years,4,male : single,none,4,car or other (not in attribute 6),37,none,own,2,skilled employee / official,1,"yes, registered under customer name",yes,1,good,no checking account,<87 EUR,3093.61
<0 DM,18,existing credits paid duly till now,radio/television,3509,<100 DM,4-7 years,4,female : divorced/separated/married,guarantor,1,real estate,25,none,own,1,skilled employee / official,1,none,yes,1,good,<0 EUR,<87 EUR,3070.86
no checking account,36,critical account / other credits,car (used),5711,>=1000 DM,>=7 years,4,male : single,none,2,car or other (not in attribute 6),38,none,own,2,management / self-employed / highly qualified,1,"yes, registered under customer name",yes,1,good,no checking account,>=875 EUR,4997.91
0-200 DM,18,existing credits paid duly till now,repairs,3872,<100 DM,unemployed,2,female : divorced/separated/married,none,4,car or other (not in attribute 6),67,none,own,1,skilled employee / official,1,"yes, registered under customer name",yes,1,good,0-175 EUR,<87 EUR,3388.53
0-200 DM,39,critical account / other credits,radio/television,4933,<100 DM,4-7 years,2,male : single,guarantor,2,real estate,25,none,own,2,skilled employee / official,1,none,yes,2,bad,0-175 EUR,<87 EUR,4317.06
no checking account,24,critical account / other credits,car (new),1940,>=1000 DM,>=7 years,4,male : single,none,4,real estate,60,none,own,1,skilled employee / official,1,"yes, registered under customer name",yes,1,good,no checking account,>=875 EUR,1697.77
0-200 DM,12,no credits taken / all paid duly,retraining,1410,<100 DM,1-4 years,2,male : single,none,2,real estate,31,none,own,1,unskilled resident,1,"yes, registered under customer name",yes,1,good,0-175 EUR,<87 EUR,1233.94
0-200 DM,12,existing credits paid duly till now,car (new),836,100-500 DM,<1 year,4,female : divorced/separated/married,none,2,building society savings / life insurance,23,bank,own,1,unskilled resident,1,none,yes,2,bad,0-175 EUR,87-437 EUR,731.62
0-200 DM,20,existing credits paid duly till now,car (used),6468,unknown / no savings account,unemployed,1,male : divorced/separated,none,4,real estate,60,none,own,1,management / self-employed / highly qualified,1,"yes, registered under customer name",yes,1,good,0-175 EUR,unknown / no savings account,5660.39
0-200 DM,18,existing credits paid duly till now,business,1941,>=1000 DM,1-4 years,4,male : single,none,2,building society savings / life insurance,35,none,own,1,unskilled resident,1,"yes, registered under customer name",yes,1,good,0-175 EUR,>=875 EUR,1698.64
no checking account,22,existing credits paid duly till now,radio/television,2675,500-1000 DM,>=7 years,3,male : single,none,4,car or other (not in attribute 6),40,none,own,1,skilled employee / official,1,none,yes,1,good,no checking account,437-875 EUR,2340.99
no checking account,48,critical account / other credits,car (used),2751,unknown / no savings account,>=7 years,4,male : single,none,3,car or other (not in attribute 6),38,none,own,2,skilled employee / official,2,"yes, registered under customer name",yes,1,good,no checking account,unknown / no savings account,2407.5
0-200 DM,48,delay in paying off in the past,education,6224,<100 DM,>=7 years,4,male : single,none,4,unknown / no property,50,none,for free,1,skilled employee / official,1,none,yes,2,bad,0-175 EUR,<87 EUR,5446.86
<0 DM,40,critical account / other credits,education,5998,<100 DM,1-4 years,4,male : single,none,3,unknown / no property,27,bank,own,1,skilled employee / official,1,"yes, registered under customer name",yes,2,bad,<0 EUR,<87 EUR,5249.08
0-200 DM,21,existing credits paid duly till now,business,1188,<100 DM,>=7 years,2,female : divorced/separated/married,none,4,building society savings / life insurance,39,none,own,1,skilled employee / official,2,none,yes,2,bad,0-175 EUR,<87 EUR,1039.66
no checking account,24,existing credits paid duly till now,car (used),6313,unknown / no savings account,>=7 years,3,male : single,none,4,car or other (not in attribute 6),41,none,own,1,management / self-employed / highly qualified,2,"yes, registered under customer name",yes,1,good,no checking account,unknown / no savings account,5524.75
no checking account,6,critical account / other credits,furniture/equipment,1221,unknown / no savings account,1-4 years,1,male : married/widowed,none,2,building society savings / life insurance,27,none,own,2,skilled employee / official,1,none,yes,1,good,no checking account,unknown / no savings account,1068.54
>=200 DM / salary assignments,24,existing credits paid duly till now,furniture/equipment,2892,<100 DM,>=7 years,3,male : divorced/separated,none,4,unknown / no property,51,none,for free,1,skilled employee / official,1,none,yes,1,good,>=175 EUR / salary assignments,<87 EUR,2530.9
no checking account,24,existing credits paid duly till now,furniture/equipment,3062,500-1000 DM,>=7 years,4,male : single,none,3,unknown / no property,32,none,rent,1,skilled employee / official,1,"yes, registered under customer name",yes,1,good,no checking account,437-875 EUR,2679.67
no checking account,9,existing credits paid duly till now,furniture/equipment,2301,100-500 DM,<1 year,2,female : divorced/separated/married,none,4,building society savings / life insurance,22,none,rent,1,skilled employee / official,1,none,yes,1,good,no checking account,87-437 EUR,2013.69
<0 DM,18,existing credits paid duly till now,car (used),7511,unknown / no savings account,>=7 years,1,male : single,none,4,building society savings / life insurance,51,none,for free,1,skilled employee / official,2,"yes, registered under customer name",yes,2,bad,<0 EUR,unknown / no savings account,6573.16
no checking account,12,critical account / other credits,furniture/equipment,1258,<100 DM,<1 year,2,female : divorced/separated/married,none,4,building society savings / life insurance,22,none,rent,2,unskilled resident,1,none,yes,1,good,no checking account,<87 EUR,1100.92
no checking account,24,delay in paying off in the past,car (new),717,unknown / no savings account,>=7 years,4,male : married/widowed,none,4,car or other (not in attribute 6),54,none,own,2,skilled employee / official,1,"yes, registered under customer name",yes,1,good,no checking account,unknown / no savings account,627.47
0-200 DM,9,existing credits paid duly till now,car (new),1549,unknown / no savings account,<1 year,4,male : single,none,2,real estate,35,none,own,1,unemployed / unskilled non-resident,1,none,yes,1,good,0-175 EUR,unknown / no savings account,1355.59
no checking account,24,critical account / other credits,education,1597,<100 DM,>=7 years,4,male : single,none,4,unknown / no property,54,none,for free,2,skilled employee / official,2,none,yes,1,good,no checking account,<87 EUR,1397.6
0-200 DM,18,critical account / other credits,radio/television,1795,<100 DM,>=7 years,3,female : divorced/separated/married,guarantor,4,real estate,48,bank,rent,2,unskilled resident,1,"yes, registered under customer name",yes,1,good,0-175 EUR,<87 EUR,1570.87
<0 DM,20,critical account / other credits,furniture/equipment,4272,<100 DM,>=7 years,1,female : divorced/separated/married,none,4,building society savings / life insurance,24,none,own,2,skilled employee / official,1,none,yes,1,good,<0 EUR,<87 EUR,3738.59
no checking account,12,critical account / other credits,radio/television,976,unknown / no savings account,>=7 years,4,male : single,none,4,car or other (not in attribute 6),35,none,own,2,skilled employee / official,1,none,yes,1,good,no checking account,unknown / no savings account,854.13
0-200 DM,12,existing credits paid duly till now,car (new),7472,unknown / no savings account,unemployed,1,female : divorced/separated/married,none,2,real estate,24,none,rent,1,unemployed / unskilled non-resident,1,none,yes,1,good,0-175 EUR,unknown / no savings account,6539.03
<0 DM,36,existing credits paid duly till now,car (new),9271,<100 DM,4-7 years,2,male : single,none,1,car or other (not in attribute 6),24,none,own,1,skilled employee / official,1,"yes, registered under customer name",yes,2,bad,<0 EUR,<87 EUR,8113.4
0-200 DM,6,existing credits paid duly till now,radio/television,590,<100 DM,<1 year,3,male : married/widowed,none,3,real estate,26,none,own,1,unskilled resident,1,none,no,1,good,0-175 EUR,<87 EUR,516.33
no checking account,12,critical account / other credits,radio/television,930,unknown / no savings account,>=7 years,4,male : single,none,4,real estate,65,none,own,4,skilled employee / official,1,none,yes,1,good,no checking account,unknown / no savings account,813.88
0-200 DM,42,all credits at this bank paid duly,car (used),9283,<100 DM,unemployed,1,male : single,none,2,unknown / no property,55,bank,for free,1,management / self-employed / highly qualified,1,"yes, registered under customer name",yes,1,good,0-175 EUR,<87 EUR,8123.91
0-200 DM,15,no credits taken / all paid duly,car (new),1778,<100 DM,<1 year,2,female : divorced/separated/married,none,1,real estate,26,none,rent,2,unemployed / unskilled non-resident,1,none,yes,2,bad,0-175 EUR,<87 EUR,1556.0
0-200 DM,8,existing credits paid duly till now,business,907,<100 DM,<1 year,3,male : married/widowed,none,2,real estate,26,none,own,1,skilled employee / official,1,"yes, registered under customer name",yes,1,good,0-175 EUR,<87 EUR,793.75
0-200 DM,6,existing credits paid duly till now,radio/television,484,<100 DM,4-7 years,3,male : married/widowed,guarantor,3,real estate,28,bank,own,1,unskilled resident,1,none,yes,1,good,0-175 EUR,<87 EUR,423.57
<0 DM,36,critical account / other credits,car (used),9629,<100 DM,4-7 years,4,male : single,none,4,car or other (not in attribute 6),24,none,own,2,skilled employee / official,1,"yes, registered under customer name",yes,2,bad,<0 EUR,<87 EUR,8426.7
<0 DM,48,existing credits paid duly till now,domestic appliances,3051,<100 DM,1-4 years,3,male : single,none,4,car or other (not in attribute 6),54,none,own,1,skilled employee / official,1,none,yes,2,bad,<0 EUR,<87 EUR,2670.05
<0 DM,48,existing credits paid duly till now,car (new),3931,<100 DM,4-7 years,4,male : single,none,4,unknown / no property,46,none,for free,1,skilled employee / official,2,none,yes,2,bad,<0 EUR,<87 EUR,3440.17
0-200 DM,36,delay in paying off in the past,car (new),7432,<100 DM,1-4 years,2,female : divorced/separated/married,none,2,building society savings / life insurance,54,none,rent,1,skilled employee / official,1,none,yes,1,good,0-175 EUR,<87 EUR,6504.03
no checking account,6,existing credits paid duly till now,domestic appliances,1338,500-1000 DM,1-4 years,1,male : divorced/separated,none,4,real estate,62,none,own,1,skilled employee / official,1,none,yes,1,good,no checking account,437-875 EUR,1170.93
no checking account,6,critical account / other credits,radio/television,1554,<100 DM,4-7 years,1,female : divorced/separated/married,none,2,car or other (not in attribute 6),24,none,rent,2,skilled employee / official,1,"yes, registered under customer name",yes,1,good,no checking account,<87 EUR,1359.96
<0 DM,36,existing credits paid duly till now,others,15857,<100 DM,unemployed,2,male : divorced/separated,co-applicant,3,car or other (not in attribute 6),43,none,own,1,management / self-employed / highly qualified,1,none,yes,1,good,<0 EUR,<87 EUR,13877.06
<0 DM,18,existing credits paid duly till now,radio/television,1345,<100 DM,1-4 years,4,male : married/widowed,none,3,real estate,26,bank,own,1,skilled employee / official,1,none,yes,2,bad,<0 EUR,<87 EUR,1177.06
no checking account,12,existing credits paid duly till now,car (new),1101,<100 DM,1-4 years,3,male : married/widowed,none,2,real estate,27,none,own,2,skilled employee / official,1,"yes, registered under customer name",yes,1,good,no checking account,<87 EUR,963.53
>=200 DM / salary assignments,12,existing credits paid duly till now,radio/television,3016,<100 DM,1-4 years,3,male : married/widowed,none,1,car or other (not in attribute 6),24,none,own,1,skilled employee / official,1,none,yes,1,good,>=175 EUR / salary assignments,<87 EUR,2639.42
<0 DM,36,existing credits paid duly till now,furniture/equipment,2712,<100 DM,>=7 years,2,male : single,none,2,building society savings / life insurance,41,bank,own,1,skilled employee / official,2,none,yes,2,bad,<0 EUR,<87 EUR,2373.37
<0 DM,8,critical account / other credits,car (new),731,<100 DM,>=7 years,4,male : single,none,4,real estate,47,none,own,2,unskilled resident,1,none,yes,1,good,<0 EUR,<87 EUR,639.73
no checking account,18,critical account / other credits,furniture/equipment,3780,<100 DM,<1 year,3,male : divorced/separated,none,2,car or other (not in attribute 6),35,none,own,2,management / self-employed / highly qualified,1,"yes, registered under customer name",yes,1,good,no checking account,<87 EUR,3308.02
<0 DM,21,critical account / other credits,car (new),1602,<100 DM,>=7 years,4,male : married/widowed,none,3,car or other (not in attribute 6),30,none,own,2,skilled employee / official,1,"yes, registered under customer name",yes,1,good,<0 EUR,<87 EUR,1401.97
<0 DM,18,critical account / other credits,car (new),3966,<100 DM,>=7 years,1,female : divorced/separated/married,none,4,real estate,33,bank,rent,3,skilled employee / official,1,"yes, registered under customer name",yes,2,bad,<0 EUR,<87 EUR,3470.8
no checking account,18,no credits taken / all paid duly,business,4165,<100 DM,1-4 years,2,male : single,none,2,car or other (not in attribute 6),36,stores,own,2,skilled employee / official,2,none,yes,2,bad,no checking account,<87 EUR,3644.95
<0 DM,36,existing credits paid duly till now,car (used),8335,unknown / no savings account,>=7 years,3,male : single,none,4,unknown / no property,47,none,for free,1,skilled employee / official,1,none,yes,2,bad,<0 EUR,unknown / no savings account,7294.28
0-200 DM,48,delay in paying off in the past,business,6681,unknown / no savings account,1-4 years,4,male : single,none,4,unknown / no property,38,none,for free,1,skilled employee / official,2,"yes, registered under customer name",yes,1,good,0-175 EUR,unknown / no savings account,5846.8
no checking account,24,delay in paying off in the past,business,2375,500-1000 DM,1-4 years,4,male : single,none,2,car or other (not in attribute 6),44,none,own,2,skilled employee / official,2,"yes, registered under customer name",yes,1,good,no checking account,437-875 EUR,2078.45
<0 DM,18,existing credits paid duly till now,car (new),1216,<100 DM,<1 year,4,female : divorced/separated/married,none,3,car or other (not in attribute 6),23,none,rent,1,skilled employee / official,1,"yes, registered under customer name",yes,2,bad,<0 EUR,<87 EUR,1064.17
<0 DM,45,no credits taken / all paid duly,business,11816,<100 DM,>=7 years,2,male : single,none,4,car or other (not in attribute 6),29,none,rent,2,skilled employee / official,1,none,yes,2,bad,<0 EUR,<87 EUR,10340.63
0-200 DM,24,existing credits paid duly till now,radio/television,5084,unknown / no savings account,>=7 years,2,female : divorced/separated/married,none,4,car or other (not in attribute 6),42,none,own,1,skilled employee / official,1,"yes, registered under customer name",yes,1,good,0-175 EUR,unknown / no savings account,4449.2
>=200 DM / salary assignments,15,existing credits paid duly till now,radio/television,2327,<100 DM,<1 year,2,female : divorced/separated/married,none,3,real estate,25,none,own,1,unskilled resident,1,none,yes,2,bad,>=175 EUR / salary assignments,<87 EUR,2036.45
<0 DM,12,no credits taken / all paid duly,car (new),1082,<100 DM,1-4 years,4,male : single,none,4,car or other (not in attribute 6),48,bank,own,2,skilled employee / official,1,none,yes,2,bad,<0 EUR,<87 EUR,946.9
no checking account,12,existing credits paid duly till now,radio/television,886,unknown / no savings account,1-4 years,4,female : divorced/separated/married,none,2,car or other (not in attribute 6),21,none,own,1,skilled employee / official,1,none,yes,1,good,no checking account,unknown / no savings account,775.37
no checking account,4,existing credits paid duly till now,furniture/equipment,601,<100 DM,<1 year,1,female : divorced/separated/married,none,3,real estate,23,none,rent,1,unskilled resident,2,none,yes,1,good,no checking account,<87 EUR,525.96
<0 DM,24,critical account / other credits,car (used),2957,<100 DM,>=7 years,4,male : single,none,4,building society savings / life insurance,63,none,own,2,skilled employee / official,1,"yes, registered under customer name",yes,1,good,<0 EUR,<87 EUR,2587.78
no checking account,24,critical account / other credits,radio/television,2611,<100 DM,>=7 years,4,male : married/widowed,co-applicant,3,real estate,46,none,own,2,skilled employee / official,1,none,yes,1,good,no checking account,<87 EUR,2284.99
<0 DM,36,existing credits paid duly till now,furniture/equipment,5179,<100 DM,4-7 years,4,male : single,none,2,building society savings / life insurance,29,none,own,1,skilled employee / official,1,none,yes,2,bad,<0 EUR,<87 EUR,4532.34
no checking account,21,delay in paying off in the past,car (used),2993,<100 DM,1-4 years,3,male : single,none,2,real estate,28,stores,own,2,unskilled resident,1,none,yes,1,good,no checking account,<87 EUR,2619.29
no checking account,18,existing credits paid duly till now,repairs,1943,<100 DM,<1 year,4,female : divorced/separated/married,none,4,real estate,23,none,own,1,skilled employee / official,1,none,yes,2,bad,no checking account,<87 EUR,1700.39
no checking account,24,all credits at this bank paid duly,business,1559,<100 DM,4-7 years,4,male : single,none,4,car or other (not in attribute 6),50,bank,own,1,skilled employee / official,1,"yes, registered under customer name",yes,1,good,no checking account,<87 EUR,1364.34
no checking account,18,existing credits paid duly till now,furniture/equipment,3422,<100 DM,>=7 years,4,male : single,none,4,building society savings / life insurance,47,bank,own,3,skilled employee / official,2,"yes, registered under customer name",yes,1,good,no checking account,<87 EUR,2994.72
0-200 DM,21,existing credits paid duly till now,furniture/equipment,3976,unknown / no savings account,4-7 years,2,male : single,none,3,car or other (not in attribute 6),35,none,own,1,skilled employee / official,1,"yes, registered under customer name",yes,1,good,0-175 EUR,unknown / no savings account,3479.55
no checking account,18,existing credits paid duly till now,car (new),6761,unknown / no savings account,1-4 years,2,male : single,none,4,car or other (not in attribute 6),68,none,rent,2,skilled employee / official,1,none,yes,2,bad,no checking account,unknown / no savings account,5916.81
no checking account,24,existing credits paid duly till now,car (new),1249,<100 DM,<1 year,4,male : married/widowed,none,2,real estate,28,none,own,1,skilled employee / official,1,none,yes,1,good,no checking account,<87 EUR,1093.05
<0 DM,9,existing credits paid duly till now,radio/television,1364,<100 DM,4-7 years,3,male : single,none,4,real estate,59,none,own,1,skilled employee / official,1,none,yes,1,good,<0 EUR,<87 EUR,1193.69
<0 DM,12,existing credits paid duly till now,radio/television,709,<100 DM,>=7 years,4,male : single,none,4,real estate,57,stores,own,1,unskilled resident,1,none,yes,2,bad,<0 EUR,<87 EUR,620.47
<0 DM,20,critical account / other credits,car (new),2235,<100 DM,1-4 years,4,male : married/widowed,guarantor,2,building society savings / life insurance,33,bank,rent,2,skilled employee / official,1,none,no,2,bad,<0 EUR,<87 EUR,1955.93
no checking account,24,critical account / other credits,car (used),4042,unknown / no savings account,4-7 years,3,male : single,none,4,building society savings / life insurance,43,none,own,2,skilled employee / official,1,"yes, registered under customer name",yes,1,good,no checking account,unknown / no savings account,3537.31
no checking account,15,critical account / other credits,radio/television,1471,<100 DM,1-4 years,4,male : single,none,4,unknown / no property,35,none,for free,2,skilled employee / official,1,"yes, registered under customer name",yes,1,good,no checking account,<87 EUR,1287.33
<0 DM,18,all credits at this bank paid duly,car (new),1442,<100 DM,4-7 years,4,male : single,none,4,unknown / no property,32,none,for free,2,unskilled resident,2,none,yes,2,bad,<0 EUR,<87 EUR,1261.95
no checking account,36,delay in paying off in the past,car (new),10875,<100 DM,>=7 years,2,male : single,none,2,car or other (not in attribute 6),45,none,own,2,skilled employee / official,2,"yes, registered under customer name",yes,1,good,no checking account,<87 EUR,9517.13
no checking account,24,existing credits paid duly till now,car (new),1474,100-500 DM,<1 year,4,male : married/widowed,none,3,real estate,33,none,own,1,skilled employee / official,1,"yes, registered under customer name",yes,1,good,no checking account,87-437 EUR,1289.95
no checking account,10,existing credits paid duly till now,retraining,894,unknown / no savings account,4-7 years,4,female : divorced/separated/married,none,3,building society savings / life insurance,40,none,own,1,skilled employee / official,1,"yes, registered under customer name",yes,1,good,no checking account,unknown / no savings account,782.37
no checking account,15,critical account / other credits,furniture/equipment,3343,<100 DM,1-4 years,4,male : single,none,2,unknown / no property,28,none,for free,1,skilled employee / official,1,"yes, registered under customer name",yes,1,good,no checking account,<87 EUR,2925.59
<0 DM,15,existing credits paid duly till now,car (new),3959,<100 DM,1-4 years,3,female : divorced/separated/married,none,2,building society savings / life insurance,29,none,own,1,skilled employee / official,1,"yes, registered under customer name",yes,2,bad,<0 EUR,<87 EUR,3464.67
no checking account,9,existing credits paid duly till now,car (new),3577,100-500 DM,1-4 years,1,male : single,guarantor,2,real estate,26,none,rent,1,skilled employee / official,2,none,no,1,good,no checking account,87-437 EUR,3130.37
no checking account,24,critical account / other credits,car (used),5804,>=1000 DM,1-4 years,4,male : single,none,2,real estate,27,none,own,2,skilled employee / official,1,none,yes,1,good,no checking account,>=875 EUR,5079.3
no checking account,18,delay in paying off in the past,business,2169,<100 DM,1-4 years,4,male : married/widowed,none,2,car or other (not in attribute 6),28,none,own,1,skilled employee / official,1,"yes, registered under customer name",yes,2,bad,no checking account,<87 EUR,1898.17
<0 DM,24,existing credits paid duly till now,radio/television,2439,<100 DM,<1 year,4,female : divorced/separated/married,none,4,real estate,35,none,own,1,skilled employee / official,1,"yes, registered under customer name",yes,2,bad,<0 EUR,<87 EUR,2134.46
no checking account,27,critical account / other credits,furniture/equipment,4526,>=1000 DM,<1 year,4,male : single,none,2,real estate,32,stores,own,2,unskilled resident,2,"yes, registered under customer name",yes,1,good,no checking account,>=875 EUR,3960.87
no checking account,10,existing credits paid duly till now,furniture/equipment,2210,<100 DM,1-4 years,2,male : single,none,2,real estate,25,bank,rent,1,unskilled resident,1,none,yes,2,bad,no checking account,<87 EUR,1934.06
no checking account,15,existing credits paid duly till now,furniture/equipment,2221,500-1000 DM,1-4 years,2,female : divorced/separated/married,none,4,car or other (not in attribute 6),20,none,rent,1,skilled employee / official,1,none,yes,1,good,no checking account,437-875 EUR,1943.68
<0 DM,18,existing credits paid duly till now,radio/television,2389,<100 DM,<1 year,4,female : divorced/separated/married,none,1,car or other (not in attribute 6),27,stores,own,1,skilled employee / official,1,none,yes,1,good,<0 EUR,<87 EUR,2090.7
no checking account,12,critical account / other credits,furniture/equipment,3331,<100 DM,>=7 years,2,male : single,none,4,building society savings / life insurance,42,stores,own,1,skilled employee / official,1,none,yes,1,good,no checking account,<87 EUR,2915.08
no checking account,36,existing credits paid duly till now,business,7409,unknown / no savings account,>=7 years,3,male : single,none,2,building society savings / life insurance,37,none,own,2,skilled employee / official,1,none,yes,1,good,no checking account,unknown / no savings account,6483.9
<0 DM,12,existing credits paid duly till now,furniture/equipment,652,<100 DM,>=7 years,4,female : divorced/separated/married,none,4,building society savings / life insurance,24,none,rent,1,skilled employee / official,1,none,yes,1,good,<0 EUR,<87 EUR,570.59
no checking account,36,delay in paying off in the past,furniture/equipment,7678,500-1000 DM,4-7 years,2,female : divorced/separated/married,none,4,car or other (not in attribute 6),40,none,own,2,skilled employee / official,1,"yes, registered under customer name",yes,1,good,no checking account,437-875 EUR,6719.31
>=200 DM / salary assignments,6,critical account / other credits,car (new),1343,<100 DM,>=7 years,1,male : single,none,4,real estate,46,none,own,2,skilled employee / official,2,none,no,1,good,>=175 EUR / salary assignments,<87 EUR,1175.31
<0 DM,24,critical account / other credits,business,1382,100-500 DM,4-7 years,4,male : single,none,1,real estate,26,none,own,2,skilled employee / official,1,"yes, registered under customer name",yes,1,good,<0 EUR,87-437 EUR,1209.44
no checking account,15,existing credits paid duly till now,domestic appliances,874,unknown / no savings account,<1 year,4,female : divorced/separated/married,none,1,real estate,24,none,own,1,skilled employee / official,1,none,yes,1,good,no checking account,unknown / no savings account,764.87
<0 DM,12,existing credits paid duly till now,furniture/equipment,3590,<100 DM,1-4 years,2,male : single,co-applicant,2,building society savings / life insurance,29,none,own,1,unskilled resident,2,none,yes,1,good,<0 EUR,<87 EUR,3141.75
0-200 DM,11,critical account / other credits,car (new),1322,>=1000 DM,1-4 years,4,female : divorced/separated/married,none,4,car or other (not in attribute 6),40,none,own,2,skilled employee / official,1,none,yes,1,good,0-175 EUR,>=875 EUR,1156.93
<0 DM,18,all credits at this bank paid duly,radio/television,1940,<100 DM,<1 year,3,male : single,co-applicant,4,unknown / no property,36,bank,for free,1,management / self-employed / highly qualified,1,"yes, registered under customer name",yes,1,good,<0 EUR,<87 EUR,1697.77
no checking account,36,existing credits paid duly till now,radio/television,3595,<100 DM,>=7 years,4,male : single,none,2,car or other (not in attribute 6),28,none,own,1,skilled employee / official,1,none,yes,1,good,no checking account,<87 EUR,3146.12
<0 DM,9,existing credits paid duly till now,car (new),1422,<100 DM,<1 year,3,male : single,none,2,unknown / no property,27,none,for free,1,management / self-employed / highly qualified,1,"yes, registered under customer name",yes,2,bad,<0 EUR,<87 EUR,1244.45
no checking account,30,critical account / other credits,radio/television,6742,unknown / no savings account,4-7 years,2,male : single,none,3,building society savings / life insurance,36,none,own,2,skilled employee / official,1,none,yes,1,good,no checking account,unknown / no savings account,5900.18
no checking account,24,existing credits paid duly till now,car (used),7814,<100 DM,4-7 years,3,male : single,none,3,car or other (not in attribute 6),38,none,own,1,management / self-employed / highly qualified,1,"yes, registered under customer name",yes,1,good,no checking account,<87 EUR,6838.33
no checking account,24,existing credits paid duly till now,car (used),9277,unknown / no savings account,1-4 years,2,male : divorced/separated,none,4,unknown / no property,48,none,for free,1,skilled employee / official,1,"yes, registered under customer name",yes,1,good,no checking account,unknown / no savings account,8118.66
0-200 DM,30,critical account / other credits,car (new),2181,unknown / no savings account,>=7 years,4,male : single,none,4,real estate,36,none,own,2,skilled employee / official,1,none,yes,1,good,0-175 EUR,unknown / no savings account,1908.68
no checking account,18,critical account / other credits,radio/television,1098,<100 DM,unemployed,4,female : divorced/separated/married,none,4,car or other (not in attribute 6),65,none,own,2,unemployed / unskilled non-resident,1,none,yes,1,good,no checking account,<87 EUR,960.9
0-200 DM,24,existing credits paid duly till now,furniture/equipment,4057,<100 DM,4-7 years,3,male : divorced/separated,none,3,car or other (not in attribute 6),43,none,own,1,skilled employee / official,1,"yes, registered under customer name",yes,2,bad,0-175 EUR,<87 EUR,3550.44
<0 DM,12,existing credits paid duly till now,education,795,<100 DM,<1 year,4,female : divorced/separated/married,none,4,building society savings / life insurance,53,none,own,1,skilled employee / official,1,none,yes,2,bad,<0 EUR,<87 EUR,695.73
0-200 DM,24,critical account / other credits,business,2825,unknown / no savings account,4-7 years,4,male : single,none,3,unknown / no property,34,none,own,2,skilled employee / official,2,"yes, registered under customer name",yes,1,good,0-175 EUR,unknown / no savings account,2472.26
0-200 DM,48,existing credits paid duly till now,business,15672,<100 DM,1-4 years,2,male : single,none,2,car or other (not in attribute 6),23,none,own,1,skilled employee / official,1,"yes, registered under customer name",yes,2,bad,0-175 EUR,<87 EUR,13715.16
no checking account,36,critical account / other credits,car (new),6614,<100 DM,>=7 years,4,male : single,none,4,car or other (not in attribute 6),34,none,own,2,management / self-employed / highly qualified,1,"yes, registered under customer name",yes,1,good,no checking account,<87 EUR,5788.16
no checking account,28,all credits at this bank paid duly,car (used),7824,unknown / no savings account,<1 year,3,male : single,guarantor,4,real estate,40,bank,rent,2,skilled employee / official,2,"yes, registered under customer name",yes,1,good,no checking account,unknown / no savings account,6847.08
<0 DM,27,critical account / other credits,business,2442,<100 DM,>=7 years,4,male : single,none,4,car or other (not in attribute 6),43,stores,own,4,management / self-employed / highly qualified,2,"yes, registered under customer name",yes,1,good,<0 EUR,<87 EUR,2137.09
no checking account,15,critical account / other credits,radio/television,1829,<100 DM,>=7 years,4,male : single,none,4,car or other (not in attribute 6),46,none,own,2,skilled employee / official,1,"yes, registered under customer name",yes,1,good,no checking account,<87 EUR,1600.63
<0 DM,12,critical account / other credits,car (new),2171,<100 DM,1-4 years,4,male : single,none,4,building society savings / life insurance,38,bank,own,2,unskilled resident,1,none,no,1,good,<0 EUR,<87 EUR,1899.92
0-200 DM,36,critical account / other credits,car (used),5800,<100 DM,1-4 years,3,male : single,none,4,car or other (not in attribute 6),34,none,own,2,skilled employee / official,1,"yes, registered under customer name",yes,1,good,0-175 EUR,<87 EUR,5075.8
no checking account,18,critical account / other credits,radio/television,1169,unknown / no savings account,1-4 years,4,male : single,none,3,building society savings / life insurance,29,none,own,2,skilled employee / official,1,"yes, registered under customer name",yes,1,good,no checking account,unknown / no savings account,1023.04
no checking account,36,delay in paying off in the past,car (used),8947,unknown / no savings account,4-7 years,3,male : single,none,2,car or other (not in attribute 6),31,stores,own,1,management / self-employed / highly qualified,2,"yes, registered under customer name",yes,1,good,no checking account,unknown / no savings account,7829.86
<0 DM,21,existing credits paid duly till now,radio/television,2606,<100 DM,<1 year,4,female : divorced/separated/married,none,4,building society savings / life insurance,28,none,rent,1,management / self-employed / highly qualified,1,"yes, registered under customer name",yes,1,good,<0 EUR,<87 EUR,2280.61
no checking account,12,critical account / other credits,furniture/equipment,1592,>=1000 DM,4-7 years,3,female : divorced/separated/married,none,2,building society savings / life insurance,35,none,own,1,skilled employee / official,1,none,no,1,good,no checking account,>=875 EUR,1393.22
no checking account,15,existing credits paid duly till now,furniture/equipment,2186,unknown / no savings account,4-7 years,1,female : divorced/separated/married,none,4,real estate,33,bank,rent,1,unskilled resident,1,none,yes,1,good,no checking account,unknown / no savings account,1913.05
<0 DM,18,existing credits paid duly till now,furniture/equipment,4153,<100 DM,1-4 years,2,male : single,co-applicant,3,car or other (not in attribute 6),42,none,own,1,skilled employee / official,1,none,yes,2,bad,<0 EUR,<87 EUR,3634.45
<0 DM,16,critical account / other credits,car (new),2625,<100 DM,>=7 years,2,male : single,guarantor,4,building society savings / life insurance,43,bank,rent,1,skilled employee / official,1,"yes, registered under customer name",yes,2,bad,<0 EUR,<87 EUR,2297.24
no checking account,20,critical account / other credits,car (new),3485,unknown / no savings account,<1 year,2,male : divorced/separated,none,4,real estate,44,none,own,2,skilled employee / official,1,"yes, registered under customer name",yes,1,good,no checking account,unknown / no savings account,3049.86
no checking account,36,critical account / other credits,car (used),10477,unknown / no savings account,>=7 years,2,male : single,none,4,unknown / no property,42,none,for free,2,skilled employee / official,1,none,yes,1,good,no checking account,unknown / no savings account,9168.82
no checking account,15,existing credits paid duly till now,radio/television,1386,unknown / no savings account,1-4 years,4,male : married/widowed,none,2,real estate,40,none,rent,1,skilled employee / official,1,"yes, registered under customer name",yes,1,good,no checking account,unknown / no savings account,1212.94
no checking account,24,existing credits paid duly till now,radio/television,1278,<100 DM,>=7 years,4,male : single,none,1,real estate,36,none,own,1,management / self-employed / highly qualified,1,"yes, registered under customer name",yes,1,good,no checking account,<87 EUR,1118.43
<0 DM,12,existing credits paid duly till now,radio/television,1107,<100 DM,1-4 years,2,male : single,none,2,real estate,20,none,rent,1,management / self-employed / highly qualified,2,"yes, registered under customer name",yes,1,good,<0 EUR,<87 EUR,968.78
<0 DM,21,existing credits paid duly till now,car (new),3763,unknown / no savings account,4-7 years,2,male : single,co-applicant,2,real estate,24,none,own,1,unskilled resident,1,none,no,1,good,<0 EUR,unknown / no savings account,3293.14
0-200 DM,36,existing credits paid duly till now,education,3711,unknown / no savings account,1-4 years,2,male : married/widowed,none,2,car or other (not in attribute 6),27,none,own,1,skilled employee / official,1,none,yes,1,good,0-175 EUR,unknown / no savings account,3247.64
no checking account,15,delay in paying off in the past,car (used),3594,<100 DM,<1 year,1,female : divorced/separated/married,none,2,building society savings / life insurance,46,none,own,2,unskilled resident,1,none,yes,1,good,no checking account,<87 EUR,3145.25
0-200 DM,9,existing credits paid duly till now,car (new),3195,unknown / no savings account,1-4 years,1,female : divorced/separated/married,none,2,real estate,33,none,own,1,unskilled resident,1,none,yes,1,good,0-175 EUR,unknown / no savings account,2796.07
no checking account,36,delay in paying off in the past,radio/television,4454,<100 DM,1-4 years,4,female : divorced/separated/married,none,4,real estate,34,none,own,2,skilled employee / official,1,none,yes,1,good,no checking account,<87 EUR,3897.86
0-200 DM,24,critical account / other credits,furniture/equipment,4736,<100 DM,<1 year,2,female : divorced/separated/married,none,4,car or other (not in attribute 6),25,bank,own,1,unskilled resident,1,none,yes,2,bad,0-175 EUR,<87 EUR,4144.65
0-200 DM,30,existing credits paid duly till now,radio/television,2991,unknown / no savings account,>=7 years,2,female : divorced/separated/married,none,4,car or other (not in attribute 6),25,none,own,1,skilled employee / official,1,none,yes,1,good,0-175 EUR,unknown / no savings account,2617.54
no checking account,11,existing credits paid duly till now,business,2142,>=1000 DM,>=7 years,1,male : divorced/separated,none,2,real estate,28,none,own,1,skilled employee / official,1,"yes, registered under customer name",yes,1,good,no checking account,>=875 EUR,1874.55
<0 DM,24,all credits at this bank paid duly,business,3161,<100 DM,1-4 years,4,male : single,none,2,building society savings / life insurance,31,none,rent,1,skilled employee / official,1,"yes, registered under customer name",yes,2,bad,<0 EUR,<87 EUR,2766.31
0-200 DM,48,no credits taken / all paid duly,others,18424,<100 DM,1-4 years,1,female : divorced/separated/married,none,2,building society savings / life insurance,32,bank,own,1,management / self-employed / highly qualified,1,"yes, registered under customer name",no,2,bad,0-175 EUR,<87 EUR,16123.54
no checking account,10,existing credits paid duly till now,car (used),2848,100-500 DM,1-4 years,1,male : single,co-applicant,2,real estate,32,none,own,1,skilled employee / official,2,none,yes,1,good,no checking account,87-437 EUR,2492.39
<0 DM,6,existing credits paid duly till now,car (new),14896,<100 DM,>=7 years,1,male : single,none,4,unknown / no property,68,bank,own,1,management / self-employed / highly qualified,1,"yes, registered under customer name",yes,2,bad,<0 EUR,<87 EUR,13036.06
<0 DM,24,existing credits paid duly till now,furniture/equipment,2359,100-500 DM,unemployed,1,male : divorced/separated,none,1,building society savings / life insurance,33,none,own,1,skilled employee / official,1,none,yes,2,bad,<0 EUR,87-437 EUR,2064.45
<0 DM,24,existing credits paid duly till now,furniture/equipment,3345,<100 DM,>=7 years,4,male : single,none,2,building society savings / life insurance,39,none,rent,1,management / self-employed / highly qualified,1,"yes, registered under customer name",yes,2,bad,<0 EUR,<87 EUR,2927.34
no checking account,18,critical account / other credits,furniture/equipment,1817,<100 DM,1-4 years,4,female : divorced/separated/married,none,2,unknown / no property,28,none,own,2,skilled employee / official,1,none,yes,1,good,no checking account,<87 EUR,1590.13
no checking account,48,delay in paying off in the past,radio/television,12749,500-1000 DM,4-7 years,4,male : single,none,1,car or other (not in attribute 6),37,none,own,1,management / self-employed / highly qualified,1,"yes, registered under customer name",yes,1,good,no checking account,437-875 EUR,11157.13
<0 DM,9,existing credits paid duly till now,radio/television,1366,<100 DM,<1 year,3,female : divorced/separated/married,none,4,building society savings / life insurance,22,none,rent,1,skilled employee / official,1,none,yes,2,bad,<0 EUR,<87 EUR,1195.44
0-200 DM,12,existing credits paid duly till now,car (new),2002,<100 DM,4-7 years,3,male : single,none,4,building society savings / life insurance,30,none,rent,1,skilled employee / official,2,"yes, registered under customer name",yes,1,good,0-175 EUR,<87 EUR,1752.03
<0 DM,24,all credits at this bank paid duly,furniture/equipment,6872,<100 DM,<1 year,2,male : divorced/separated,none,1,building society savings / life insurance,55,bank,own,1,skilled employee / official,1,"yes, registered under customer name",yes,2,bad,<0 EUR,<87 EUR,6013.95
<0 DM,12,all credits at this bank paid duly,car (new),697,<100 DM,<1 year,4,male : single,none,2,car or other (not in attribute 6),46,bank,own,2,skilled employee / official,1,"yes, registered under customer name",yes,2,bad,<0 EUR,<87 EUR,609.97
<0 DM,18,critical account / other credits,furniture/equipment,1049,<100 DM,<1 year,4,female : divorced/separated/married,none,4,building society savings / life insurance,21,none,rent,1,skilled employee / official,1,none,yes,1,good,<0 EUR,<87 EUR,918.02
<0 DM,48,existing credits paid duly till now,car (used),10297,<100 DM,4-7 years,4,male : single,none,4,unknown / no property,39,stores,for free,3,skilled employee / official,2,"yes, registered under customer name",yes,2,bad,<0 EUR,<87 EUR,9011.3
no checking account,30,existing credits paid duly till now,radio/television,1867,unknown / no savings account,>=7 years,4,male : single,none,4,car or other (not in attribute 6),58,none,own,1,skilled employee / official,1,"yes, registered under customer name",yes,1,good,no checking account,unknown / no savings account,1633.88
<0 DM,12,delay in paying off in the past,car (new),1344,<100 DM,1-4 years,4,male : single,none,2,real estate,43,none,own,2,unskilled resident,2,none,yes,1,good,<0 EUR,<87 EUR,1176.19
<0 DM,24,existing credits paid duly till now,furniture/equipment,1747,<100 DM,<1 year,4,male : single,co-applicant,1,building society savings / life insurance,24,none,own,1,unskilled resident,1,none,no,1,good,<0 EUR,<87 EUR,1528.87
0-200 DM,9,existing credits paid duly till now,radio/television,1670,<100 DM,<1 year,4,female : divorced/separated/married,none,2,car or other (not in attribute 6),22,none,own,1,skilled employee / official,1,"yes, registered under customer name",yes,2,bad,0-175 EUR,<87 EUR,1461.48
no checking account,9,critical account / other credits,car (new),1224,<100 DM,1-4 years,3,male : single,none,1,real estate,30,none,own,2,skilled employee / official,1,none,yes,1,good,no checking account,<87 EUR,1071.17
no checking account,12,critical account / other credits,radio/television,522,500-1000 DM,>=7 years,4,male : single,none,4,building society savings / life insurance,42,none,own,2,skilled employee / official,2,"yes, registered under customer name",yes,1,good,no checking account,437-875 EUR,456.82
<0 DM,12,existing credits paid duly till now,radio/television,1498,<100 DM,1-4 years,4,female : divorced/separated/married,none,1,car or other (not in attribute 6),23,bank,own,1,skilled employee / official,1,none,yes,1,good,<0 EUR,<87 EUR,1310.96
0-200 DM,30,delay in paying off in the past,radio/television,1919,100-500 DM,<1 year,4,male : single,none,3,unknown / no property,30,stores,own,2,management / self-employed / highly qualified,1,none,yes,2,bad,0-175 EUR,87-437 EUR,1679.39
>=200 DM / salary assignments,9,existing credits paid duly till now,radio/television,745,<100 DM,1-4 years,3,female : divorced/separated/married,none,2,real estate,28,none,own,1,unskilled resident,1,none,yes,2,bad,>=175 EUR / salary assignments,<87 EUR,651.98
0-200 DM,6,existing credits paid duly till now,radio/television,2063,<100 DM,<1 year,4,male : married/widowed,none,3,car or other (not in attribute 6),30,none,rent,1,management / self-employed / highly qualified,1,"yes, registered under customer name",yes,1,good,0-175 EUR,<87 EUR,1805.41
0-200 DM,60,existing credits paid duly till now,education,6288,<100 DM,1-4 years,4,male : single,none,4,unknown / no property,42,none,for free,1,skilled employee / official,1,none,yes,2,bad,0-175 EUR,<87 EUR,5502.87
no checking account,24,critical account / other credits,car (used),6842,unknown / no savings account,1-4 years,2,male : single,none,4,building society savings / life insurance,46,none,own,2,management / self-employed / highly qualified,2,"yes, registered under customer name",yes,1,good,no checking account,unknown / no savings account,5987.69
no checking account,12,existing credits paid duly till now,car (new),3527,unknown / no savings account,<1 year,2,male : single,none,3,building society savings / life insurance,45,none,own,1,management / self-employed / highly qualified,2,"yes, registered under customer name",yes,1,good,no checking account,unknown / no savings account,3086.61
no checking account,10,existing credits paid duly till now,car (new),1546,<100 DM,1-4 years,3,male : single,none,2,real estate,31,none,own,1,unskilled resident,2,none,no,1,good,no checking account,<87 EUR,1352.96
no checking account,24,existing credits paid duly till now,furniture/equipment,929,unknown / no savings account,4-7 years,4,male : single,none,2,car or other (not in attribute 6),31,stores,own,1,skilled employee / official,1,"yes, registered under customer name",yes,1,good,no checking account,unknown / no savings account,813.0
no checking account,4,critical account / other credits,car (new),1455,<100 DM,4-7 years,2,male : single,none,1,real estate,42,none,own,3,unskilled resident,2,none,yes,1,good,no checking account,<87 EUR,1273.33
<0 DM,15,existing credits paid duly till now,furniture/equipment,1845,<100 DM,<1 year,4,female : divorced/separated/married,guarantor,1,building society savings / life insurance,46,none,rent,1,skilled employee / official,1,none,yes,1,good,<0 EUR,<87 EUR,1614.63
0-200 DM,48,no credits taken / all paid duly,car (new),8358,500-1000 DM,<1 year,1,female : divorced/separated/married,none,1,car or other (not in attribute 6),30,none,own,2,skilled employee / official,1,none,yes,1,good,0-175 EUR,437-875 EUR,7314.4
<0 DM,24,all credits at this bank paid duly,furniture/equipment,3349,500-1000 DM,<1 year,4,male : single,none,4,unknown / no property,30,none,for free,1,skilled employee / official,2,"yes, registered under customer name",yes,2,bad,<0 EUR,437-875 EUR,2930.84
no checking account,12,existing credits paid duly till now,car (new),2859,unknown / no savings account,unemployed,4,male : single,none,4,unknown / no property,38,none,own,1,management / self-employed / highly qualified,1,"yes, registered under customer name",yes,1,good,no checking account,unknown / no savings account,2502.02
no checking account,18,existing credits paid duly till now,furniture/equipment,1533,<100 DM,<1 year,4,male : married/widowed,co-applicant,1,building society savings / life insurance,43,none,own,1,unskilled resident,2,none,yes,2,bad,no checking account,<87 EUR,1341.59
no checking account,24,existing credits paid duly till now,radio/television,3621,100-500 DM,>=7 years,2,male : single,none,4,car or other (not in attribute 6),31,none,own,2,skilled employee / official,1,none,yes,2,bad,no checking account,87-437 EUR,3168.87
0-200 DM,18,critical account / other credits,business,3590,<100 DM,unemployed,3,male : married/widowed,none,3,car or other (not in attribute 6),40,none,own,3,unemployed / unskilled non-resident,2,"yes, registered under customer name",yes,1,good,0-175 EUR,<87 EUR,3141.75
<0 DM,36,delay in paying off in the past,business,2145,<100 DM,4-7 years,2,male : single,none,1,car or other (not in attribute 6),24,none,own,2,skilled employee / official,1,"yes, registered under customer name",yes,2,bad,<0 EUR,<87 EUR,1877.17
0-200 DM,24,existing credits paid duly till now,car (used),4113,500-1000 DM,<1 year,3,female : divorced/separated/married,none,4,car or other (not in attribute 6),28,none,rent,1,skilled employee / official,1,none,yes,2,bad,0-175 EUR,437-875 EUR,3599.44
no checking account,36,existing credits paid duly till now,furniture/equipment,10974,<100 DM,unemployed,4,female : divorced/separated/married,none,2,car or other (not in attribute 6),26,none,own,2,management / self-employed / highly qualified,1,"yes, registered under customer name",yes,2,bad,no checking account,<87 EUR,9603.76
<0 DM,12,existing credits paid duly till now,car (new),1893,<100 DM,1-4 years,4,female : divorced/separated/married,guarantor,4,building society savings / life insurance,29,none,own,1,skilled employee / official,1,"yes, registered under customer name",yes,1,good,<0 EUR,<87 EUR,1656.64
<0 DM,24,critical account / other credits,radio/television,1231,>=1000 DM,>=7 years,4,female : divorced/separated/married,none,4,building society savings / life insurance,57,none,rent,2,management / self-employed / highly qualified,1,"yes, registered under customer name",yes,1,good,<0 EUR,>=875 EUR,1077.29
>=200 DM / salary assignments,30,critical account / other credits,radio/television,3656,unknown / no savings account,>=7 years,4,male : single,none,4,building society savings / life insurance,49,stores,own,2,unskilled resident,1,none,yes,1,good,>=175 EUR / salary assignments,unknown / no savings account,3199.5
0-200 DM,9,critical account / other credits,radio/television,1154,<100 DM,>=7 years,2,male : single,none,4,real estate,37,none,own,3,unskilled resident,1,none,yes,1,good,0-175 EUR,<87 EUR,1009.91
<0 DM,28,existing credits paid duly till now,car (new),4006,<100 DM,1-4 years,3,male : single,none,2,car or other (not in attribute 6),45,none,own,1,unskilled resident,1,none,yes,2,bad,<0 EUR,<87 EUR,3505.8
0-200 DM,24,existing credits paid duly till now,furniture/equipment,3069,100-500 DM,>=7 years,4,male : single,none,4,unknown / no property,30,none,for free,1,skilled employee / official,1,none,yes,1,good,0-175 EUR,87-437 EUR,2685.8
no checking account,6,critical account / other credits,radio/television,1740,<100 DM,>=7 years,2,male : married/widowed,none,2,real estate,30,none,rent,2,skilled employee / official,1,none,yes,1,good,no checking account,<87 EUR,1522.74
0-200 DM,21,delay in paying off in the past,car (new),2353,<100 DM,1-4 years,1,male : divorced/separated,none,4,building society savings / life insurance,47,none,own,2,skilled employee / official,1,none,yes,1,good,0-175 EUR,<87 EUR,2059.2
no checking account,15,existing credits paid duly till now,car (new),3556,unknown / no savings account,1-4 years,3,male : single,none,2,unknown / no property,29,none,own,1,skilled employee / official,1,none,yes,1,good,no checking account,unknown / no savings account,3111.99
no checking account,24,existing credits paid duly till now,radio/television,2397,500-1000 DM,>=7 years,3,male : single,none,2,car or other (not in attribute 6),35,bank,own,2,skilled employee / official,1,"yes, registered under customer name",yes,2,bad,no checking account,437-875 EUR,2097.71
0-200 DM,6,existing credits paid duly till now,repairs,454,<100 DM,<1 year,3,male : married/widowed,none,1,building society savings / life insurance,22,none,own,1,unskilled resident,1,none,yes,1,good,0-175 EUR,<87 EUR,397.31
0-200 DM,30,existing credits paid duly till now,radio/television,1715,unknown / no savings account,1-4 years,4,female : divorced/separated/married,none,1,car or other (not in attribute 6),26,none,own,1,skilled employee / official,1,none,yes,1,good,0-175 EUR,unknown / no savings account,1500.86
0-200 DM,27,critical account / other credits,radio/television,2520,500-1000 DM,1-4 years,4,male : single,none,2,building society savings / life insurance,23,none,own,2,unskilled resident,1,none,yes,2,bad,0-175 EUR,437-875 EUR,2205.35
no checking account,15,existing credits paid duly till now,radio/television,3568,<100 DM,>=7 years,4,female : divorced/separated/married,none,2,car or other (not in attribute 6),54,bank,rent,1,management / self-employed / highly qualified,1,"yes, registered under customer name",yes,1,good,no checking account,<87 EUR,3122.49
no checking account,42,existing credits paid duly till now,radio/television,7166,unknown / no savings account,4-7 years,2,male : married/widowed,none,4,building society savings / life insurance,29,none,rent,1,skilled employee / official,1,"yes, registered under customer name",yes,1,good,no checking account,unknown / no savings account,6271.24
<0 DM,11,critical account / other credits,car (new),3939,<100 DM,1-4 years,1,male : single,none,2,real estate,40,none,own,2,unskilled resident,2,none,yes,1,good,<0 EUR,<87 EUR,3447.17
0-200 DM,15,existing credits paid duly till now,repairs,1514,100-500 DM,1-4 years,4,male : single,guarantor,2,real estate,22,none,own,1,skilled employee / official,1,none,yes,1,good,0-175 EUR,87-437 EUR,1324.96
no checking account,24,existing credits paid duly till now,car (new),7393,<100 DM,1-4 years,1,male : single,none,4,building society savings / life insurance,43,none,own,1,unskilled resident,2,none,yes,1,good,no checking account,<87 EUR,6469.9
<0 DM,24,all credits at this bank paid duly,car (new),1193,<100 DM,unemployed,1,female : divorced/separated/married,co-applicant,4,unknown / no property,29,none,rent,2,unemployed / unskilled non-resident,1,none,yes,2,bad,<0 EUR,<87 EUR,1044.04
<0 DM,60,existing credits paid duly till now,business,7297,<100 DM,>=7 years,4,male : single,co-applicant,4,unknown / no property,36,none,rent,1,skilled employee / official,1,none,yes,2,bad,<0 EUR,<87 EUR,6385.88
no checking account,30,critical account / other credits,radio/television,2831,<100 DM,1-4 years,4,female : divorced/separated/married,none,2,car or other (not in attribute 6),33,none,own,1,skilled employee / official,1,"yes, registered under customer name",yes,1,good,no checking account,<87 EUR,2477.52
>=200 DM / salary assignments,24,existing credits paid duly till now,radio/television,1258,500-1000 DM,1-4 years,3,female : divorced/separated/married,none,3,car or other (not in attribute 6),57,none,own,1,unskilled resident,1,none,yes,1,good,>=175 EUR / salary assignments,437-875 EUR,1100.92
0-200 DM,6,existing credits paid duly till now,radio/television,753,<100 DM,1-4 years,2,female : divorced/separated/married,guarantor,3,real estate,64,none,own,1,skilled employee / official,1,none,yes,1,good,0-175 EUR,<87 EUR,658.98
0-200 DM,18,delay in paying off in the past,business,2427,unknown / no savings account,>=7 years,4,male : single,none,2,building society savings / life insurance,42,none,own,2,skilled employee / official,1,none,yes,1,good,0-175 EUR,unknown / no savings account,2123.96
no checking account,24,delay in paying off in the past,car (new),2538,<100 DM,>=7 years,4,male : single,none,4,car or other (not in attribute 6),47,none,own,2,unskilled resident,2,none,yes,2,bad,no checking account,<87 EUR,2221.1
0-200 DM,15,all credits at this bank paid duly,car (new),1264,100-500 DM,1-4 years,2,male : married/widowed,none,2,building society savings / life insurance,25,none,rent,1,skilled employee / official,1,none,yes,2,bad,0-175 EUR,87-437 EUR,1106.17
0-200 DM,30,critical account / other credits,furniture/equipment,8386,<100 DM,4-7 years,2,male : single,none,2,building society savings / life insurance,49,none,own,1,skilled employee / official,1,none,yes,2,bad,0-175 EUR,<87 EUR,7338.91
no checking account,48,existing credits paid duly till now,business,4844,<100 DM,unemployed,3,male : single,none,2,car or other (not in attribute 6),33,bank,rent,1,management / self-employed / highly qualified,1,"yes, registered under customer name",yes,2,bad,no checking account,<87 EUR,4239.17
>=200 DM / salary assignments,21,existing credits paid duly till now,car (new),2923,100-500 DM,1-4 years,1,female : divorced/separated/married,none,1,car or other (not in attribute 6),28,bank,own,1,management / self-employed / highly qualified,1,"yes, registered under customer name",yes,1,good,>=175 EUR / salary assignments,87-437 EUR,2558.03
<0 DM,36,existing credits paid duly till now,car (used),8229,<100 DM,1-4 years,2,male : single,none,2,building society savings / life insurance,26,none,own,1,skilled employee / official,2,none,yes,2,bad,<0 EUR,<87 EUR,7201.51
no checking account,24,critical account / other credits,furniture/equipment,2028,<100 DM,4-7 years,2,male : single,none,2,building society savings / life insurance,30,none,own,2,unskilled resident,1,none,yes,1,good,no checking account,<87 EUR,1774.78
<0 DM,15,critical account / other credits,furniture/equipment,1433,<100 DM,1-4 years,4,female : divorced/separated/married,none,3,building society savings / life insurance,25,none,rent,2,skilled employee / official,1,none,yes,1,good,<0 EUR,<87 EUR,1254.07
>=200 DM / salary assignments,42,no credits taken / all paid duly,business,6289,<100 DM,<1 year,2,male : divorced/separated,none,1,building society savings / life insurance,33,none,own,2,skilled employee / official,1,none,yes,1,good,>=175 EUR / salary assignments,<87 EUR,5503.74
no checking account,13,existing credits paid duly till now,radio/television,1409,100-500 DM,unemployed,2,female : divorced/separated/married,none,4,real estate,64,none,own,1,skilled employee / official,1,none,yes,1,good,no checking account,87-437 EUR,1233.07
<0 DM,24,existing credits paid duly till now,car (used),6579,<100 DM,unemployed,4,male : single,none,2,unknown / no property,29,none,for free,1,management / self-employed / highly qualified,1,"yes, registered under customer name",yes,1,good,<0 EUR,<87 EUR,5757.53
0-200 DM,24,critical account / other credits,radio/television,1743,<100 DM,>=7 years,4,male : single,none,2,building society savings / life insurance,48,none,own,2,unskilled resident,1,none,yes,1,good,0-175 EUR,<87 EUR,1525.37
no checking account,12,critical account / other credits,education,3565,unknown / no savings account,<1 year,2,male : single,none,1,building society savings / life insurance,37,none,own,2,unskilled resident,2,none,yes,1,good,no checking account,unknown / no savings account,3119.87
no checking account,15,all credits at this bank paid duly,radio/television,1569,100-500 DM,>=7 years,4,male : single,none,4,car or other (not in attribute 6),34,bank,own,1,unskilled resident,2,none,yes,1,good,no checking account,87-437 EUR,1373.09
<0 DM,18,existing credits paid duly till now,radio/television,1936,unknown / no savings account,4-7 years,2,male : married/widowed,none,4,car or other (not in attribute 6),23,none,rent,2,unskilled resident,1,none,yes,1,good,<0 EUR,unknown / no savings account,1694.27
<0 DM,36,existing credits paid duly till now,furniture/equipment,3959,<100 DM,unemployed,4,male : single,none,3,building society savings / life insurance,30,none,own,1,management / self-employed / highly qualified,1,"yes, registered under customer name",yes,1,good,<0 EUR,<87 EUR,3464.67
no checking account,12,existing credits paid duly till now,car (new),2390,unknown / no savings account,>=7 years,4,male : single,none,3,car or other (not in attribute 6),50,none,own,1,skilled employee / official,1,"yes, registered under customer name",yes,1,good,no checking account,unknown / no savings account,2091.58
no checking account,12,existing credits paid duly till now,furniture/equipment,1736,<100 DM,4-7 years,3,female : divorced/separated/married,none,4,real estate,31,none,own,1,unskilled resident,1,none,yes,1,good,no checking account,<87 EUR,1519.24
<0 DM,30,existing credits paid duly till now,car (used),3857,<100 DM,1-4 years,4,male : divorced/separated,none,4,building society savings / life insurance,40,none,own,1,management / self-employed / highly qualified,1,"yes, registered under customer name",yes,1,good,<0 EUR,<87 EUR,3375.41
no checking account,12,existing credits paid duly till now,radio/television,804,<100 DM,>=7 years,4,male : single,none,4,car or other (not in attribute 6),38,none,own,1,skilled employee / official,1,none,yes,1,good,no checking account,<87 EUR,703.61
<0 DM,45,existing credits paid duly till now,radio/television,1845,<100 DM,1-4 years,4,male : single,none,4,unknown / no property,23,none,for free,1,skilled employee / official,1,"yes, registered under customer name",yes,2,bad,<0 EUR,<87 EUR,1614.63
0-200 DM,45,critical account / other credits,car (used),4576,100-500 DM,unemployed,3,male : single,none,4,car or other (not in attribute 6),27,none,own,1,skilled employee / official,1,none,yes,1,good,0-175 EUR,87-437 EUR,4004.63
